acceleration_x,acceleration_y,acceleration_z,angular_rotation_x,angular_rotation_y,angular_rotation_z,label
-0.265938,-1.174842,0.123713,-19.937868,30.433199,-4.898043,walking forward
-0.002673,-0.83904,0.068713,-61.295837,84.684822,-3.711855,walking forward
0.140592,-0.949018,-0.00302,-60.947296,62.846222,-32.562092,walking forward
-0.196149,-1.179997,0.88054,-14.481159,-30.614597,19.22197,walking forward
0.114324,-0.573918,0.301621,72.006706,-55.983082,22.875675,walking forward
0.111553,-1.329427,0.033051,119.353104,-101.866623,49.964184,walking forward
-0.162386,-1.041381,0.101152,-23.444292,11.85577,-36.2211,walking forward
-0.098665,-0.865414,0.072509,-56.651146,33.965275,1.480667,walking forward
0.022947,-0.862516,-0.016462,-78.438087,45.413666,-30.610617,walking forward
-0.142968,-0.990948,0.813908,47.895107,-32.746105,28.899508,walking forward
-0.020796,-0.516739,0.384207,20.742487,-34.87352,8.748433,walking forward
0.245341,-1.183449,0.285129,139.142776,11.575576,15.102069,walking forward
-0.206336,-1.226472,0.190576,3.711498,37.450123,3.511811,walking forward
-0.17742,-0.8767,0.077677,-54.539009,64.322441,-21.7911,walking forward
-0.242843,-0.927091,0.149597,-136.506439,-30.061544,-2.758035,walking forward
0.271986,-1.146296,0.368706,-27.421753,27.473774,-20.29233,walking forward
-0.244631,-0.621642,0.728196,-95.573883,-39.161499,15.195461,walking forward
-0.081902,-0.606643,0.215255,104.854828,-97.064796,49.702335,walking forward
0.322126,-1.428795,0.228675,137.503464,26.545361,42.974586,walking forward
-0.221785,-1.128294,0.204506,-25.238985,24.783577,-3.225012,walking forward
-0.273959,-0.877984,0.147026,-60.948456,39.044537,-41.087051,walking forward
-0.083948,-0.918732,0.226769,-109.546379,35.102306,-19.630411,walking forward
0.180847,-0.97026,0.021537,-52.179523,38.981468,-39.205227,walking forward
-0.063124,-1.114886,0.989099,34.019135,-52.834061,23.727222,walking forward
-0.073999,-0.472098,0.471299,-76.042473,-25.148529,12.341509,walking forward
0.027895,-0.331368,0.250505,48.564411,-52.379654,20.827251,walking forward
-0.047446,-0.852415,0.168427,152.011581,23.895943,20.133142,walking forward
0.137414,-1.352315,0.05004,116.002144,-85.251022,53.095642,walking forward
-0.310749,-1.189172,0.19901,-13.170869,17.401934,-9.872434,walking forward
-0.197732,-0.937736,0.151764,-58.090675,27.964561,-45.754242,walking forward
-0.046381,-0.816483,0.094862,-57.687653,56.20433,-15.71513,walking forward
-0.038203,-0.876244,0.131814,-93.812439,18.126869,-6.960254,walking forward
0.121553,-0.972843,0.0259,-44.300129,77.692863,-38.586899,walking forward
0.087265,-0.79375,0.79144,14.981985,-13.779202,16.6789,walking forward
0.024583,-0.520976,0.534024,-76.162086,-9.564565,6.469387,walking forward
0.012887,-0.499182,0.243208,107.990921,-71.694107,26.727287,walking forward
0.28291,-1.210058,0.217246,142.799683,41.518887,17.283285,walking forward
-0.056769,-1.176566,0.019009,95.607674,-59.92667,49.48988,walking forward
-0.366435,-1.295647,0.239712,2.630214,8.167536,2.220859,walking forward
-0.233195,-0.933895,0.133822,-54.025959,46.423229,-36.411186,walking forward
-0.065999,-0.807296,0.191651,-87.773666,2.839223,15.568336,walking forward
-0.242272,-0.881939,0.006782,-119.385902,44.797012,-40.952106,walking forward
0.317221,-1.068751,0.426314,-31.478073,57.793194,-11.900245,walking forward
-0.215004,-1.170591,1.01634,-39.657887,-37.369663,15.789934,walking forward
0.066058,-0.358562,0.276995,-2.40765,-62.643494,21.026196,walking forward
-0.321261,-0.604902,0.230098,129.748978,-51.702511,33.717033,walking forward
0.295827,-1.508337,0.081897,138.392014,-92.565842,57.216572,walking forward
-0.320904,-1.260836,0.156465,15.322309,30.774668,11.684245,walking forward
-0.218291,-0.904375,0.130374,-50.89119,45.506161,-41.725685,walking forward
0.02686,-0.812396,0.098365,-75.944366,28.399248,4.956552,walking forward
-0.152368,-0.956021,0.009439,-107.058739,44.146748,-38.34441,walking forward
0.363557,-1.213917,0.432955,-72.627251,33.539047,-3.35017,walking forward
-0.22267,-1.187847,1.043318,-37.639191,-34.361874,18.062235,walking forward
0.10829,-0.276035,0.327991,-40.990818,-74.919167,23.7155,walking forward
-0.146227,-0.560439,0.159554,125.338577,-54.586185,33.975178,walking forward
0.257471,-1.353012,0.174405,168.243561,-31.797125,21.394251,walking forward
-0.006966,-1.314502,-0.033302,107.623466,-100.155884,67.290466,walking forward
-0.343258,-1.255221,0.162195,-6.700323,22.992151,2.034207,walking forward
-0.351073,-0.89996,0.183375,-44.070644,24.96055,-50.336109,walking forward
0.038463,-0.803078,0.115472,-79.378197,86.097549,-3.600687,walking forward
-0.245845,-0.913129,0.152457,-146.608719,39.08852,-32.576164,walking forward
0.14376,-1.032017,-0.020775,-59.520149,127.484673,-66.208862,walking forward
0.324327,-1.05322,0.555057,-35.443111,27.692719,4.557603,walking forward
-0.156001,-1.20345,1.068887,-6.552235,-47.873482,23.525961,walking forward
0.049122,-0.366378,0.404952,-72.48748,-33.86499,25.292358,walking forward
-0.067834,-0.395202,0.22707,123.2239,-86.202339,42.442287,walking forward
-0.132612,-0.84578,0.143287,180.017654,26.502153,4.092691,walking forward
0.374486,-1.506943,0.100659,159.023682,-41.852375,35.518524,walking forward
-0.085256,-1.342888,-0.056155,105.342987,-80.843605,70.169701,walking forward
-0.392818,-1.245881,0.194976,6.772875,27.614021,11.665376,walking forward
-0.421347,-1.057877,0.108518,-36.899391,34.226563,-43.168156,walking forward
-0.270559,-0.908431,0.102232,-53.48056,64.257294,-52.723976,walking forward
-0.02146,-0.782879,0.105724,-80.776329,93.052246,1.060102,walking forward
-0.168928,-0.868126,0.1202,-132.151917,-11.575739,-6.477162,walking forward
-0.154979,-0.908813,-0.061854,-137.112503,62.663403,-43.738148,walking forward
0.050202,-1.056438,-0.12971,-63.719685,97.629845,-61.183708,walking forward
0.291889,-0.851995,0.696533,-16.11277,-7.930744,16.765196,walking forward
-0.220725,-0.995233,1.079248,-91.695679,-44.498482,19.753963,walking forward
-0.013308,-0.346487,0.47743,-108.031219,-54.86161,3.793768,walking forward
-0.135222,-0.074502,0.345224,-9.666456,-112.533653,35.559612,walking forward
-0.152841,-0.17392,0.26515,55.340149,-106.066055,21.124668,walking forward
-0.132877,-0.197141,0.121413,110.126854,-65.121124,21.265295,walking forward
-0.211452,-0.632019,0.150188,175.199814,-4.860846,19.776091,walking forward
0.179302,-1.255747,0.168784,181.169296,-1.378606,9.375472,walking forward
0.01734,-1.45768,-0.013829,120.87381,-128.98381,68.231346,walking forward
-0.246259,-1.258368,0.042172,73.102654,-48.851864,45.247093,walking forward
-0.464932,-1.237601,0.182564,-25.411871,15.008208,-4.916189,walking forward
-0.253793,-0.888424,0.154909,-46.079288,62.472237,-52.033039,walking forward
0.002019,-0.786124,0.161153,-79.785614,44.267036,16.457329,walking forward
-0.15452,-0.982784,0.145205,-132.517624,27.492922,-19.044317,walking forward
-0.124815,-0.878232,-0.150575,-85.171448,94.603516,-51.430645,walking forward
0.242821,-1.341465,0.265668,-18.358677,57.476315,-33.662395,walking forward
0.160845,-0.824246,0.82171,23.687544,-42.186005,22.518957,walking forward
-0.123209,-0.517672,0.703732,-101.481903,-25.536642,26.412506,walking forward
-0.049985,-0.384337,0.209923,88.242645,-60.963123,29.17691,walking forward
-0.14771,-0.821226,0.172377,163.182388,9.63403,19.628651,walking forward
0.349207,-1.432371,0.170443,160.926071,-34.085953,40.952831,walking forward
-0.388655,-1.174581,0.075211,59.780102,-37.048336,33.275867,walking forward
-0.466675,-1.201341,0.153533,-20.454962,22.167749,-11.993963,walking forward
-0.155092,-0.866987,0.083892,-58.67873,51.446144,-36.661797,walking forward
0.068532,-0.740975,0.165745,-88.703506,47.526215,11.842512,walking forward
-0.197036,-0.961841,0.004557,-136.489532,35.254414,-28.699587,walking forward
0.355129,-1.267025,0.34483,-49.384769,39.27182,-6.067063,walking forward
0.232566,-1.041049,0.998796,23.974503,-54.934624,10.744226,walking forward
0.011712,-0.342533,0.415268,-75.981728,-30.173679,22.233004,walking forward
-0.083966,-0.425323,0.189498,86.901031,-106.294998,44.432858,walking forward
0.074599,-1.107312,0.225247,163.069931,25.449015,6.603139,walking forward
0.193137,-1.42028,0.056234,123.732849,-101.882751,63.293934,walking forward
-0.412645,-1.272722,0.090557,6.500916,19.083298,11.436505,walking forward
-0.203805,-1.030099,0.153869,-39.827816,41.685902,-55.342083,walking forward
0.028504,-0.79768,0.033474,-82.675179,90.095589,1.026814,walking forward
-0.22931,-0.9063,0.112951,-152.024368,-3.062139,-23.898872,walking forward
0.122917,-1.138241,0.125027,-47.537895,82.80838,-38.053982,walking forward
0.305068,-0.73906,0.751164,13.694082,-45.529976,16.534601,walking forward
-0.10955,-0.512341,0.515581,-83.460419,-15.081221,20.448051,walking forward
-0.146478,-0.524214,0.139276,128.880692,-74.685982,40.594467,walking forward
0.099104,-1.253586,0.351163,140.393631,48.952942,26.536282,walking forward
-0.42086,-1.220006,0.059893,62.732876,-53.1003,32.160683,walking forward
-0.396914,-1.110774,0.136498,-25.690634,10.738155,-16.283398,walking forward
-0.091893,-0.81717,0.196188,-43.507854,70.058754,-38.333187,walking forward
-0.018379,-0.733425,0.052653,-61.831169,135.253754,-24.937021,walking forward
-0.179441,-0.835103,0.111567,-83.601257,105.237831,-20.664381,walking forward
0.00632,-0.806658,0.102735,-82.746765,46.518448,14.440957,walking forward
-0.243724,-0.877509,0.166009,-149.404236,27.430676,-37.246033,walking forward
-0.024011,-0.998272,0.033868,-56.524719,101.170921,-47.155369,walking forward
0.247782,-0.827992,0.673937,-0.229739,-18.288942,9.965184,walking forward
-0.135406,-0.560795,0.645621,-93.691216,-46.269367,28.205038,walking forward
0.023867,-0.360656,0.193527,55.718163,-92.651711,37.100967,walking forward
-0.146454,-0.833223,0.143806,181.782684,-26.424755,19.665773,walking forward
0.407861,-1.43266,0.100659,144.209763,-70.338547,35.908882,walking forward
-0.367574,-1.236362,0.132625,41.275028,-5.435914,32.560459,walking forward
-0.378977,-1.115322,0.141194,-20.169924,35.083664,-32.439732,walking forward
-0.19231,-0.969458,0.184892,-56.088356,61.246162,-20.96455,walking forward
0.026619,-0.820171,0.103348,-92.540497,31.461672,1.273599,walking forward
-0.268301,-0.957604,-0.002381,-132.157364,57.018341,-30.752895,walking forward
0.299715,-1.321998,0.306196,-36.53207,61.130764,-26.471596,walking forward
-0.249758,-1.181352,1.068747,-40.940811,-45.445797,22.834869,walking forward
0.039998,-0.282751,0.231611,-1.588716,-80.350769,26.814741,walking forward
-0.156101,-0.459226,0.175032,130.737732,-39.702221,29.494205,walking forward
0.270387,-1.250533,0.245598,159.726791,11.579075,16.961977,walking forward
-0.015492,-1.367829,0.004843,110.979202,-107.429222,65.083603,walking forward
-0.459636,-1.213528,0.181212,-16.565222,41.468937,-8.157627,walking forward
-0.263019,-0.95037,0.142091,-49.411484,63.546391,-53.949932,walking forward
-0.017976,-0.828926,0.071509,-67.696426,80.000984,-4.950858,walking forward
-0.162281,-0.943122,0.042309,-146.38472,-19.272591,-11.689464,walking forward
0.165084,-1.242414,0.024761,-41.845009,94.082863,-50.57309,walking forward
-0.184719,-1.019193,1.058955,35.357395,-36.684544,30.487411,walking forward
0.057553,-0.363098,0.339433,-42.436981,-58.8494,36.504826,walking forward
-0.03289,-0.822737,0.174197,213.716995,-52.013916,31.496546,walking forward
0.425118,-1.547641,0.088655,150.485077,-40.273037,47.265816,walking forward
-0.336601,-1.260031,0.099524,-0.409704,5.250713,19.73687,walking forward
-0.23851,-0.966879,0.136191,-39.63549,46.94593,-43.761395,walking forward
-0.009283,-0.766679,0.066022,-73.556274,76.65416,2.626699,walking forward
-0.232918,-0.953756,-0.000299,-138.970337,43.87019,-31.158409,walking forward
0.249092,-1.132084,0.075975,-52.12117,93.953766,-42.880489,walking forward
0.136913,-0.853711,0.808436,30.146563,-27.325113,19.608719,walking forward
-0.107553,-1.284972,1.083988,-49.770203,-40.938679,25.481201,walking forward
-0.00681,-0.287627,0.416117,-79.118568,-55.995018,24.46381,walking forward
-0.162891,-0.4321,0.209387,120.953766,-71.922951,36.688503,walking forward
0.027631,-0.990218,0.168744,170.606796,30.803616,4.651005,walking forward
0.388238,-1.502054,0.195754,142.044785,-40.272568,66.391289,walking forward
-0.368592,-1.210411,0.155746,27.524883,-0.411879,19.553144,walking forward
-0.244149,-1.064099,0.229885,-44.294777,10.770014,-26.981813,walking forward
-0.274244,-0.918045,0.179177,-63.011406,72.284279,-52.639687,walking forward
-0.039433,-0.79294,0.074719,-69.519127,114.22744,-17.067001,walking forward
-0.030643,-0.910421,0.092369,-128.46138,43.553253,-10.439663,walking forward
0.165564,-1.145059,0.04337,-30.833055,91.391335,-43.448185,walking forward
0.227275,-0.907676,0.801358,29.349358,-39.039444,17.757078,walking forward
-0.13258,-1.22791,0.997581,-51.337635,-30.148813,27.394569,walking forward
0.04633,-0.284311,0.299219,-28.457596,-51.324615,25.240049,walking forward
-0.187761,-0.458617,0.231924,114.223816,-63.57811,32.9259,walking forward
-0.341658,-0.400481,0.188092,100.004745,-85.752014,38.863312,walking forward
0.284198,-1.276695,0.098619,154.789505,-22.730738,37.223816,walking forward
-0.360533,-1.26772,0.204619,-13.370292,21.824619,10.713327,walking forward
-0.263498,-0.87978,0.11605,-65.694878,81.940102,-48.458942,walking forward
0.056627,-0.804104,0.126862,-105.727089,21.630749,8.169219,walking forward
0.177856,-0.899004,-0.107979,-75.995895,79.298965,-45.795368,walking forward
0.290168,-0.969822,0.683554,-7.256789,-0.258752,2.758711,walking forward
-0.034612,-0.759718,0.705182,-66.745895,-2.561677,27.251202,walking forward
-0.350738,-0.524289,0.073489,134.699036,-75.339012,33.960747,walking forward
0.403844,-1.450674,0.147898,150.334702,-29.4764,29.480093,walking forward
-0.267258,-1.354427,0.024266,52.251064,-44.617886,38.846733,walking forward
-0.370517,-1.09692,0.161439,-43.360519,23.194016,-30.079836,walking forward
-0.143166,-0.829261,0.136029,-59.685146,55.278702,-27.583977,walking forward
0.077547,-0.782479,0.216294,-92.93924,19.372046,14.930678,walking forward
-0.161965,-1.015849,-0.070493,-132.158951,76.635353,-53.720245,walking forward
0.332114,-1.198254,0.315703,-48.644543,55.951061,-32.9258,walking forward
0.085655,-1.110074,1.116553,49.029873,-53.542755,24.028746,walking forward
0.007178,-0.403586,0.418093,-108.414337,-28.335217,16.677826,walking forward
-0.128041,-0.402592,0.150684,90.64843,-58.876106,37.478737,walking forward
-0.045515,-0.9991,0.199765,172.42276,16.617853,14.641499,walking forward
0.136615,-1.442572,0.120572,137.57457,-150.181137,59.63892,walking forward
-0.19556,-1.381707,0.075347,68.271278,-73.647987,49.210194,walking forward
-0.373397,-1.214906,0.173793,-13.980998,27.980309,1.369177,walking forward
-0.347108,-0.971789,0.133907,-33.154942,48.733604,-50.760288,walking forward
-0.028452,-0.834329,0.06057,-59.482136,84.857735,-2.524128,walking forward
-0.177113,-0.993903,0.104408,-147.573257,25.571375,-21.380156,walking forward
0.192309,-1.16061,0.005828,-44.686455,91.000145,-37.930172,walking forward
0.433641,-1.051946,0.762121,21.989706,-20.784409,9.261549,walking forward
-0.204308,-0.935153,1.118262,-56.671383,-35.280346,37.102291,walking forward
0.167443,-0.384074,0.185011,31.421116,-105.505592,42.8484,walking forward
-0.078202,-0.940348,0.160963,160.811325,15.610417,16.854912,walking forward
0.127596,-1.394121,0.090353,137.420731,-118.852646,76.48185,walking forward
-0.484215,-1.238498,0.157971,25.194536,-2.119878,10.718633,walking forward
-0.422855,-1.015539,0.190921,-42.115799,19.834829,-48.081409,walking forward
-0.194181,-0.782833,0.206886,-64.27607,81.655121,-49.635155,walking forward
0.013377,-0.773205,0.050212,-65.701225,98.312927,-12.777862,walking forward
-0.04185,-0.875438,0.228515,-123.788544,26.750397,-3.140799,walking forward
0.132505,-0.971426,0.023372,-54.977932,145.020874,-81.608658,walking forward
0.214916,-0.977391,0.781279,12.689152,-51.843632,20.495804,walking forward
-0.167124,-0.719701,0.74136,-116.654762,-14.30397,17.070009,walking forward
-0.107899,-0.438181,0.252319,80.994904,-83.212891,49.030628,walking forward
0.066788,-1.049306,0.167301,168.684296,11.303437,11.183642,walking forward
-0.131438,-1.320668,-0.089146,101.312798,-95.759705,68.738419,walking forward
-0.359183,-1.159575,0.14,-20.340717,6.686327,-5.657568,walking forward
-0.177524,-0.933854,0.116078,-50.380466,75.650185,-41.823673,walking forward
-0.175597,-0.950557,0.113426,-153.882523,70.874077,-18.756971,walking forward
0.268949,-1.255704,0.241792,-57.525341,76.546822,-9.1208,walking forward
-0.069154,-1.227411,1.12226,22.007763,-51.448696,21.189888,walking forward
-0.063936,-0.445593,0.611335,-96.789543,-23.490337,16.099005,walking forward
-0.059478,-0.389046,0.138185,94.83786,-111.527077,40.011723,walking forward
-0.158568,-0.8019,0.134347,158.763916,54.608265,8.75773,walking forward
0.264037,-1.459205,0.163547,150.438629,-32.450981,42.182159,walking forward
-0.313285,-1.173396,0.07649,48.573902,-29.063629,30.488325,walking forward
-0.414062,-1.129735,0.170257,-42.299995,18.009392,-22.514,walking forward
-0.178758,-0.892699,0.062623,-74.103844,92.033424,-48.831573,walking forward
0.111958,-0.806101,0.232857,-103.59166,27.286055,9.561044,walking forward
-0.121836,-0.877525,-0.104571,-86.846504,95.700348,-64.308891,walking forward
0.405801,-1.125309,0.580455,-12.07941,37.863491,-14.201138,walking forward
-0.025812,-1.152623,1.223719,7.720288,-56.354603,18.894087,walking forward
-0.079014,-0.553982,0.847689,-114.570763,-45.355919,27.739813,walking forward
0.129376,-0.329278,0.231999,27.628344,-105.061974,50.494061,walking forward
-0.339953,-0.520112,0.118041,141.449341,-39.943592,34.948795,walking forward
0.29169,-1.527385,0.232502,159.069122,-12.449385,47.031021,walking forward
-0.344488,-1.217857,0.132095,48.169769,-18.978075,40.374531,walking forward
-0.328068,-1.1018,0.118573,-34.75745,22.536604,-32.921074,walking forward
-0.095863,-0.862546,0.006297,-61.231441,122.308357,-16.497368,walking forward
-0.307712,-0.980218,0.144892,-144.065033,39.228054,-37.095886,walking forward
0.052491,-1.047297,-0.145457,-75.435799,119.305923,-64.677307,walking forward
0.237603,-1.216407,0.510822,-24.637861,21.773291,-4.032217,walking forward
0.109798,-1.308938,1.175628,25.683096,-70.928757,19.363785,walking forward
-0.181308,-0.960013,0.953818,-96.153702,-44.421368,27.697369,walking forward
-0.023486,-0.287713,0.280169,-24.61026,-76.250069,32.574287,walking forward
-0.201416,-0.435539,0.131765,120.538162,-63.428108,41.261925,walking forward
-0.132928,-0.879765,0.312195,124.797226,22.459324,4.091492,walking forward
0.321873,-1.383442,0.180541,151.116898,-62.612316,32.3647,walking forward
-0.218358,-1.220627,-0.018697,100.440613,-85.231255,61.016369,walking forward
-0.423633,-1.235065,0.156787,-14.045956,18.334505,-4.539931,walking forward
-0.169176,-0.942855,0.116284,-47.035721,81.569756,-46.026016,walking forward
0.094258,-0.791592,0.09224,-62.936298,84.364395,-8.404537,walking forward
-0.268949,-0.983594,0.101078,-143.912003,38.297497,-27.771318,walking forward
0.102072,-1.123639,-0.07331,-31.030979,109.600876,-56.6031,walking forward
0.232137,-0.883302,0.909618,36.396164,-55.683331,22.305758,walking forward
-0.186973,-0.718373,0.872457,-103.817169,-41.402611,23.709438,walking forward
-0.016445,-0.321539,0.174534,47.955658,-93.604378,36.608292,walking forward
-0.153691,-0.695448,0.108074,154.944855,-0.155048,23.414667,walking forward
0.23195,-1.914859,0.232852,155.859207,-43.693752,87.185585,walking forward
0.142788,-1.474821,0.03227,120.802956,-107.887329,69.486259,walking forward
-0.453318,-1.344007,0.113623,10.395479,-56.430489,6.277075,walking forward
-0.311888,-0.964381,0.175403,-47.106621,30.876392,-55.575596,walking forward
-0.027727,-0.802044,0.160118,-68.959274,63.509834,3.362353,walking forward
-0.249888,-0.962217,-0.022328,-143.202576,37.06765,-38.173954,walking forward
0.281828,-1.248193,0.274026,-37.397953,67.401306,-25.371508,walking forward
0.055372,-1.051225,1.129867,13.41543,-46.272804,20.784468,walking forward
-0.096414,-0.631591,0.759327,-90.700264,-29.058996,29.480598,walking forward
0.091313,-0.362063,0.109418,54.832146,-124.488777,47.085091,walking forward
-0.21477,-0.896271,0.159407,176.939682,-16.305374,24.954695,walking forward
-0.008617,-1.403215,-0.047348,123.754875,-133.469452,69.957451,walking forward
-0.522939,-1.269777,0.076474,13.943227,-18.025208,14.353707,walking forward
-0.349501,-0.959302,0.153314,-52.53994,33.176018,-56.29475,walking forward
-0.125229,-0.810715,0.078672,-64.370834,121.480957,-20.030806,walking forward
-0.059427,-0.827816,0.202838,-130.889282,2.122972,3.984655,walking forward
-0.104924,-0.908118,-0.126512,-105.100121,77.320671,-43.439133,walking forward
0.26685,-1.306083,0.279845,-34.251434,60.830376,-31.124233,walking forward
-0.074668,-0.830193,0.956639,47.740494,-54.155838,29.066597,walking forward
-0.236329,-0.985186,1.06174,-80.008446,-56.149754,29.728794,walking forward
0.032995,-0.336402,0.32604,-53.781818,-32.544682,31.376463,walking forward
-0.149808,-0.46199,0.137472,110.528725,-69.311432,28.395821,walking forward
0.288509,-1.345896,0.260254,156.41626,-1.96891,22.796539,walking forward
-0.1905,-1.181948,0.064885,83.139923,-87.73288,51.283596,walking forward
-0.296918,-1.107913,0.199392,-36.721863,32.136032,-38.839706,walking forward
-0.177924,-0.83901,0.121136,-67.507774,87.687439,-39.260361,walking forward
-0.004993,-0.802115,0.143249,-88.240349,48.108433,-0.111493,walking forward
-0.20849,-0.915507,-0.079239,-98.0299,88.54274,-48.323204,walking forward
0.321963,-1.080566,0.243923,-35.340351,57.460712,-40.478195,walking forward
0.021982,-0.924645,1.012514,22.301386,-67.969002,20.059128,walking forward
0.090794,-0.422199,0.391871,-41.959118,-9.223298,22.449091,walking forward
-0.079394,-0.513371,0.308784,98.230919,-20.477364,28.856173,walking forward
-0.190874,-1.381473,0.244394,123.516457,-122.174438,51.26963,walking forward
-0.486632,-1.282899,0.075186,-15.694227,17.197451,13.404363,walking forward
-0.486621,-1.073099,0.138646,-29.694658,32.035301,-31.299746,walking forward
-0.119488,-0.885352,0.11253,-68.535408,81.067543,-32.669216,walking forward
-0.104772,-0.879574,0.214975,-107.537071,38.564938,1.079998,walking forward
0.234189,-1.17015,0.156954,-53.12048,43.356861,-21.082376,walking forward
0.174939,-0.988213,0.997248,22.101046,-40.072853,17.793009,walking forward
-0.007464,-0.359735,0.305817,-28.516651,-44.178616,27.31325,walking forward
-0.294587,-0.515517,0.142928,137.053024,-32.438484,25.607197,walking forward
0.227044,-1.433953,0.114867,138.492172,-89.634529,55.956409,walking forward
-0.504174,-1.19614,0.12716,-14.847352,22.396942,1.275241,walking forward
-0.158931,-0.951787,0.136928,-44.522232,73.954224,-44.754299,walking forward
0.043729,-0.901124,0.180828,-100.543167,39.749287,-5.891608,walking forward
0.304252,-1.304203,0.324063,-21.293776,50.72694,-17.44519,walking forward
-0.208861,-1.246954,1.065303,-2.407831,-45.235264,36.071285,walking forward
0.036058,-0.374315,0.28067,-38.774246,-50.974155,23.402166,walking forward
-0.332288,-0.606534,0.109042,156.478088,-97.918076,35.057465,walking forward
0.317758,-1.487998,0.280234,156.994568,17.442469,30.551987,walking forward
-0.387859,-1.178044,0.16381,-0.74873,24.604315,12.465938,walking forward
-0.139086,-0.955897,0.154077,-65.382637,68.657341,-37.506855,walking forward
-0.053152,-0.86493,0.204043,-84.960587,38.065342,11.813401,walking forward
-0.065708,-0.784884,-0.190649,-59.94368,132.206482,-47.106815,walking forward
0.288415,-1.103118,0.865025,32.109493,-73.743362,16.295107,walking forward
-0.063751,-0.362355,0.374056,-70.96302,-12.359206,15.629156,walking forward
-0.175198,-0.85075,0.188543,137.999481,-8.2068,7.662144,walking forward
-0.340497,-1.171968,0.116765,77.053291,-55.321003,30.651196,walking forward
-0.386295,-1.045281,0.142987,-30.408037,41.432941,-25.582485,walking forward
-0.135332,-0.836584,0.128721,-75.20005,84.404663,-27.553083,walking forward
-0.025555,-0.864809,0.207135,-100.885849,7.445608,9.1293,walking forward
0.241779,-1.147569,0.129958,-26.704512,67.708717,-31.728582,walking forward
-0.10028,-1.142575,1.141217,-12.255733,-60.221542,27.400801,walking forward
0.098818,-0.406331,0.285471,46.036823,-69.236633,34.428131,walking forward
0.227547,-1.470211,0.203394,153.734222,-34.549358,28.034962,walking forward
-0.481139,-1.208217,0.163746,-3.658002,35.020264,-5.42425,walking forward
-0.197014,-0.840689,0.09792,-84.469696,69.753639,-29.495377,walking forward
-0.212389,-0.979523,-0.020682,-113.290756,49.507252,-25.416607,walking forward
-0.000604,-0.977302,0.974877,49.5723,-72.170273,41.306957,walking forward
0.173859,-0.448415,0.214543,-7.430894,-53.59343,29.141226,walking forward
0.001878,-1.075851,0.21144,164.334274,42.045898,16.459227,walking forward
0.033012,-1.441527,-0.084957,108.24823,-56.426327,73.821182,walking forward
-0.489161,-1.097929,0.11144,-15.781633,3.902198,-17.438417,walking forward
-0.132393,-0.908417,0.091989,-55.804569,115.392639,-28.602688,walking forward
-0.111715,-0.871598,0.173468,-134.443924,34.402554,-17.652695,walking forward
0.222671,-1.039119,-0.048358,-47.954235,76.781693,-41.88446,walking forward
-0.177213,-1.413163,1.014628,51.389946,-69.027504,32.524837,walking forward
-0.060093,-0.695937,0.132508,42.806091,-99.03231,58.192928,walking forward
-0.022493,-1.553484,0.223186,120.34687,-60.605003,80.255272,walking forward
-0.524345,-1.089057,0.047638,62.643532,-35.752914,21.702183,walking forward
-0.217008,-0.910729,0.17388,-63.295525,59.022167,-50.967804,walking forward
0.017797,-0.805456,0.106146,-85.27298,31.683151,8.847364,walking forward
-0.252963,-0.993194,-0.054807,-132.249832,28.732233,-27.603926,walking forward
0.327275,-1.081756,0.365194,-28.471857,61.131313,-26.341503,walking forward
-0.296097,-1.263929,1.121336,-45.31126,-44.881294,26.781393,walking forward
-0.011127,-0.490382,0.209527,57.864407,-112.06842,44.708687,walking forward
0.166081,-1.260399,0.22196,160.336411,22.808096,31.096804,walking forward
-0.167811,-1.310187,-0.077683,99.265648,-94.032646,72.771118,walking forward
-0.429867,-1.131147,0.128415,-30.436811,30.08066,-24.532761,walking forward
-0.080427,-0.818348,0.059513,-64.627739,91.196671,-20.151686,walking forward
-0.109338,-0.959876,0.210152,-141.375732,-14.77407,-2.091557,walking forward
0.297924,-0.670924,1.188789,-75.855743,-23.823029,45.673897,walking forward
-0.013551,-0.434561,0.288211,55.945065,-40.105968,24.19227,walking forward
0.157766,-1.17886,0.188219,154.05098,-37.618908,8.604712,walking forward
-0.467385,-1.236634,0.093129,13.729324,-35.924229,24.784552,walking forward
-0.159938,-0.913639,0.116412,-44.439663,45.997093,-37.328915,walking forward
-0.073547,-0.834534,0.194224,-72.606323,65.838646,7.963778,walking forward
0.160815,-1.174043,0.113652,-23.343903,49.150402,-29.855553,walking forward
-0.307267,-1.006577,1.039576,-58.925365,-58.264633,27.277054,walking forward
-0.018593,-0.535233,0.211947,82.301003,-113.84906,43.413101,walking forward
0.196339,-1.423917,0.143931,129.511398,-68.090797,52.098007,walking forward
-0.478084,-1.184681,0.17376,-14.036663,19.637224,-8.252402,walking forward
-0.173273,-0.903575,0.035945,-78.72966,82.034821,-31.294708,walking forward
-0.327142,-0.922369,0.109015,-146.423462,52.049141,-48.221973,walking forward
0.319001,-0.881973,0.921695,-42.789909,-20.265514,10.546695,walking forward
0.030309,-0.324706,0.357043,-52.417328,-56.837208,7.261314,walking forward
-0.254621,-0.689245,0.092919,123.154037,-19.138981,33.550014,walking forward
0.16281,-1.458063,0.134427,113.155128,-88.232574,73.647003,walking forward
-0.532494,-1.210564,0.145765,-3.689674,-10.395014,8.482975,walking forward
-0.243239,-0.9188,0.143607,-38.584656,76.548157,-47.99968,walking forward
-0.00067,-0.876055,0.187762,-76.1726,37.650551,3.589877,walking forward
-0.151359,-0.861367,-0.119572,-75.524765,106.692757,-65.365585,walking forward
0.228177,-1.145815,0.431594,-4.49277,38.539524,-22.895185,walking forward
0.050779,-1.099541,1.046755,32.067265,-73.498718,27.679943,walking forward
-0.091879,-0.404485,0.5476,-89.972275,-19.152311,11.238377,walking forward
-0.036891,-0.440017,0.152888,69.921852,-110.102852,45.450161,walking forward
-0.023414,-0.891832,0.141738,157.979858,31.602669,21.717623,walking forward
0.026148,-1.413048,0.037702,122.17823,-132.372116,73.139275,walking forward
-0.492438,-1.196808,0.122368,6.234657,9.102962,2.584858,walking forward
-0.574874,-1.090381,0.190404,-12.18642,12.289369,-28.251757,walking forward
-0.269358,-0.885098,0.116619,-65.196281,61.405277,-61.151299,walking forward
-0.139148,-0.873688,0.158964,-61.176586,79.643723,-38.166245,walking forward
-0.006741,-0.773519,0.095049,-65.734779,91.464096,4.28173,walking forward
-0.19854,-0.98232,-0.033909,-131.326492,60.762375,-36.9156,walking forward
0.12981,-1.166503,0.289478,-11.151319,39.741768,-31.036352,walking forward
0.278655,-0.94867,0.785395,26.603376,-49.359528,24.460861,walking forward
-0.043777,-0.589247,0.685573,-94.63166,-28.690216,11.673986,walking forward
0.039103,-0.444513,0.152222,32.794399,-94.834435,37.772106,walking forward
-0.055347,-0.898887,0.179725,133.480911,0.383247,25.896175,walking forward
-0.252596,-1.227032,0.017656,101.528496,-120.729118,70.452667,walking forward
-0.407665,-1.153442,0.232106,-17.878916,3.161954,-4.666502,walking forward
-0.279539,-0.887413,0.165694,-42.376846,73.116447,-40.891941,walking forward
-0.07646,-0.924434,0.177952,-87.107841,27.625206,-6.212928,walking forward
-0.31077,-0.924363,-0.054868,-118.307426,41.5667,-30.701122,walking forward
0.177599,-1.250607,0.38777,-18.988243,9.863039,-5.491957,walking forward
-0.19759,-1.099812,0.859161,-22.675743,-59.054588,30.095356,walking forward
-0.103982,-0.485974,0.342887,-14.810772,-42.588058,12.032884,walking forward
0.051019,-1.24802,0.254106,143.43428,35.490467,23.587673,walking forward
-0.463487,-1.231674,0.023551,37.842171,3.407004,39.256824,walking forward
-0.341659,-0.984002,0.197289,-43.318298,57.026333,-54.409218,walking forward
-0.049665,-0.777632,0.117047,-52.393787,86.608665,-18.269949,walking forward
-0.153591,-0.88079,0.132962,-121.942154,8.624797,-14.994098,walking forward
0.349384,-1.164205,0.322241,-32.740841,33.71283,-22.996237,walking forward
-0.136377,-1.252878,1.098606,-16.730186,-41.934631,23.361275,walking forward
-0.043163,-0.369528,0.365649,-22.057272,-70.100319,28.317522,walking forward
-0.267454,-0.734113,0.202523,84.326134,10.062628,39.579182,walking forward
0.389663,-1.166768,0.046854,117.400383,-67.215874,4.569204,walking forward
-0.31013,-1.257722,0.130025,17.602423,-49.665863,34.872284,walking forward
-0.276297,-1.028726,0.174424,-36.299305,23.805431,-31.165894,walking forward
0.059565,-0.808203,0.007533,-48.916748,102.707329,-17.060064,walking forward
-0.073555,-0.866242,0.03186,-83.335625,53.167648,-35.762268,walking forward
0.225169,-1.092999,0.475037,-23.459568,29.752369,2.811044,walking forward
-0.039522,-1.107465,1.093027,49.420921,-58.002815,29.510563,walking forward
-0.094393,-0.47615,0.49753,-104.292381,-40.74099,18.124269,walking forward
0.00085,-0.432209,0.206003,75.616486,-109.040337,45.832775,walking forward
0.133239,-1.412644,0.320872,161.060303,17.640764,23.287622,walking forward
-0.303286,-1.223002,0.120297,36.460854,-34.254986,49.118542,walking forward
-0.500311,-1.133386,0.181852,-23.361343,30.746025,-20.737261,walking forward
-0.241522,-0.891531,0.171716,-43.026112,89.947342,-45.557755,walking forward
-0.264028,-0.92864,0.171255,-115.603561,42.132607,-18.630447,walking forward
0.222976,-1.209923,0.081923,-40.122066,44.486248,-32.150459,walking forward
-0.183403,-1.132931,1.092577,31.66131,-64.350479,23.789074,walking forward
-0.014921,-0.374715,0.253248,-15.317304,-56.166115,30.547174,walking forward
-0.206403,-0.553164,0.186361,110.43824,-79.703094,42.309364,walking forward
0.102379,-1.416781,0.111496,123.173897,-116.874802,70.056129,walking forward
-0.480279,-1.222973,0.223149,-34.941036,6.935822,-4.734528,walking forward
-0.184041,-0.875057,0.081861,-25.944189,105.532043,-25.611982,walking forward
-0.097001,-0.99211,-0.08049,-110.014313,-6.232941,-16.018341,walking forward
-0.063661,-1.293971,0.270049,-47.728363,28.401716,1.45981,walking forward
-0.122737,-0.861973,1.088039,-45.321758,-45.301445,26.63546,walking forward
-0.044885,0.045855,0.429896,-36.69249,-57.319687,41.493572,walking forward
0.113797,-0.283437,0.123893,70.174286,-82.326218,35.091553,walking forward
-0.04275,-1.101934,0.216496,156.856628,23.291494,19.639734,walking forward
0.319177,-1.40253,0.139053,105.372009,-47.600906,59.310677,walking forward
-0.390879,-1.180481,0.117351,-2.899748,25.811121,-0.089582,walking forward
-0.198886,-0.90839,0.18128,-48.345726,68.018112,-44.268867,walking forward
0.027988,-0.749676,0.201374,-73.63562,-25.798721,5.585165,walking forward
-0.123288,-0.915893,0.069276,-116.74752,9.000751,22.121899,walking forward
0.36863,-1.176926,0.396858,5.864852,33.535976,-5.939663,walking forward
-0.407461,-0.805018,1.012135,-74.467865,-35.410652,8.24998,walking forward
-0.015772,-0.35403,0.213223,31.38805,-65.68248,32.572746,walking forward
-0.26463,-0.701498,0.153426,140.165482,-12.648756,32.954952,walking forward
0.33275,-1.479759,0.174446,142.0728,-18.637844,31.884298,walking forward
-0.227642,-1.196444,0.048576,75.648315,-74.97522,64.211868,walking forward
-0.528595,-1.200376,0.221142,-32.431099,35.534298,-12.76273,walking forward
-0.202888,-0.926483,0.150203,-51.980114,71.735077,-45.388199,walking forward
0.036635,-0.80425,0.08331,-51.549187,61.048416,1.627207,walking forward
-0.285269,-1.016555,-0.036554,-124.02021,44.666405,-34.489681,walking forward
0.173605,-1.085202,0.594572,-11.569407,-63.362251,24.988579,walking forward
-0.259653,-0.680475,0.702981,-111.201561,35.685223,-7.415747,walking forward
-0.18727,-0.611175,0.167871,112.440804,-78.829842,38.107132,walking forward
0.161638,-1.439945,0.123284,129.975006,-100.066505,60.081142,walking forward
-0.370872,-1.223696,0.147243,-25.16184,26.773581,-0.037215,walking forward
-0.297293,-0.942235,0.202126,-40.054012,60.231251,-52.585354,walking forward
-0.101206,-0.791653,0.002413,-56.029396,57.815598,-1.279153,walking forward
-0.265523,-1.025867,-0.09667,-125.328918,98.653297,-55.384327,walking forward
0.276826,-1.087083,0.545309,-24.305567,18.603899,-8.699468,walking forward
-0.186931,-0.718412,0.748382,-105.00515,-37.077442,7.982388,walking forward
0.015825,-0.463301,0.204523,48.080578,-88.04071,43.631878,walking forward
0.172629,-1.328519,0.246466,177.012024,36.267788,-5.00111,walking forward
-0.296064,-1.247548,0.132905,61.277195,-72.123581,50.839634,walking forward
-0.333825,-0.943492,0.098237,-37.430244,52.841114,-51.630302,walking forward
-0.018955,-0.83989,0.034791,-51.648701,44.426517,-0.957317,walking forward
-0.134158,-0.948739,0.167612,-118.870445,7.366659,-14.648117,walking forward
0.263368,-1.197317,0.305703,-9.180743,28.330076,-28.863096,walking forward
-0.366913,-0.925861,0.953124,-90.445389,-37.145565,10.21283,walking forward
-0.153888,-0.460595,0.127405,79.443085,-89.638496,31.799438,walking forward
0.298019,-1.474302,0.154101,156.815628,-22.999361,37.952621,walking forward
-0.493795,-1.186443,0.214936,-2.31298,20.936226,4.390239,walking forward
-0.312409,-0.939573,0.236339,-31.457993,67.202332,-48.812664,walking forward
-0.133161,-0.829763,0.022169,-52.424969,64.145554,-5.934854,walking forward
-0.284739,-0.997381,-0.060811,-133.554749,81.194534,-53.075333,walking forward
0.317271,-1.041223,0.565014,-12.822403,-5.800776,6.62834,walking forward
-0.1703,-0.839531,0.893072,-92.957657,-61.346603,12.140395,walking forward
-0.054416,-0.502596,0.104837,82.335564,-141.461517,56.011585,walking forward
0.281942,-1.472329,0.117998,167.500885,-34.590008,40.303692,walking forward
-0.507086,-1.148954,0.179504,22.004545,-3.718472,26.661779,walking forward
-0.318342,-0.888212,0.092131,-41.856762,54.034332,-53.880497,walking forward
-0.013049,-0.815035,0.131729,-58.612621,95.617111,-3.650913,walking forward
-0.213405,-0.954871,-0.066062,-125.286911,45.38604,-34.48978,walking forward
0.19915,-1.096446,0.507664,-19.914894,2.771897,1.318476,walking forward
-0.434821,-1.037075,0.916795,-68.113647,-23.616861,23.787525,walking forward
0.047944,-0.447385,0.162676,37.093891,-83.684746,41.831055,walking forward
-0.029603,-1.025273,0.193018,163.860153,40.317513,3.228647,walking forward
0.224735,-1.472901,0.141953,121.4832,-87.608482,73.75029,walking forward
-0.41062,-1.168845,0.17154,34.203571,-21.795994,31.866388,walking forward
-0.439445,-1.039513,0.143081,-28.790838,34.702885,-42.619549,walking forward
-0.156078,-0.818933,0.082483,-42.654209,79.578835,-38.458099,walking forward
-0.054849,-0.902959,0.210642,-115.219772,37.194538,-2.590016,walking forward
0.129043,-0.975876,-0.00424,-68.102028,97.288391,-57.340862,walking forward
0.301161,-1.219716,0.764223,21.712093,-39.539452,11.910316,walking forward
-0.254223,-1.194094,1.123211,-51.34935,-38.420742,17.70899,walking forward
-0.00599,-0.330571,0.152141,6.477145,-83.477837,35.574036,walking forward
-0.200009,-0.472012,0.177321,88.834999,-87.273338,47.680977,walking forward
-0.076095,-0.940256,0.183446,158.904205,60.412567,18.050705,walking forward
0.221973,-1.536399,0.096625,119.67878,-130.677765,74.269257,walking forward
-0.557538,-1.222498,0.183997,-4.761029,-2.346384,7.219203,walking forward
-0.33686,-0.930396,0.181594,-36.302265,33.497524,-57.419506,walking forward
-0.091487,-0.875277,0.08561,-45.360424,77.588402,-23.431719,walking forward
-0.268624,-0.874295,0.148251,-127.567528,11.215803,-26.255896,walking forward
-0.045922,-1.019977,-0.038832,-58.702808,73.883804,-41.255848,walking forward
0.409022,-1.205024,0.531143,9.995814,23.356003,-18.734625,walking forward
-0.083037,-1.225189,1.068221,-15.11124,-61.494179,18.071779,walking forward
-0.152736,-0.388633,0.374949,-76.090843,-28.984713,16.844463,walking forward
-0.151161,-0.744875,0.199996,84.804909,-68.695595,42.781425,walking forward
-0.137396,-1.23421,0.139706,89.639503,-77.844055,51.614536,walking forward
-0.320029,-1.091856,0.329077,41.304249,-57.036488,25.607439,walking forward
-0.419529,-1.045219,0.313055,17.858704,-32.965263,-2.373987,walking forward
-0.04487,-1.016088,0.16248,-61.555069,41.075005,-49.192154,walking forward
0.011032,-0.858206,0.175181,-56.103275,43.751873,-7.460395,walking forward
-0.026255,-0.842847,0.028022,-72.245956,140.946686,-22.176739,walking forward
-0.120504,-0.938226,0.231836,-121.506187,32.871071,-7.15049,walking forward
-0.049568,-0.967298,0.06612,-57.55632,43.422989,-38.270363,walking forward
0.302473,-1.20242,0.516858,-34.632759,8.571594,-9.20207,walking forward
-0.155887,-1.065229,1.033706,30.785074,-38.629669,19.087988,walking forward
-0.063235,-0.344937,0.367152,-87.535316,-38.345058,11.695069,walking forward
0.004169,-0.502567,0.175371,68.870026,-91.214256,54.583565,walking forward
-0.092918,-1.037023,0.280968,144.942963,23.930601,17.220657,walking forward
-0.210695,-1.2101,0.058665,73.899124,-52.780308,60.077381,walking forward
-0.599403,-1.194793,0.197591,-18.833546,18.885946,-3.643978,walking forward
-0.248685,-0.931296,0.181317,-19.458735,64.902153,-52.095776,walking forward
-0.00445,-0.830563,0.089921,-54.984295,62.601772,-2.294545,walking forward
-0.241246,-0.900296,0.041893,-132.949463,7.186586,-28.333803,walking forward
-0.089154,-0.962423,-0.069039,-39.960304,80.037155,-44.677738,walking forward
0.214034,-0.929898,0.791318,14.003061,-28.753637,14.977331,walking forward
-0.28176,-1.090091,0.93099,-89.317169,-37.54813,4.019736,walking forward
-0.07876,-0.298831,0.175465,-5.118495,-61.148155,22.631317,walking forward
-0.258519,-0.681473,0.135693,131.476044,14.453754,25.722694,walking forward
-0.036316,-1.385738,0.078612,95.332542,-100.050659,71.198624,walking forward
-0.518535,-1.166994,0.206998,-23.752642,52.758022,-12.586531,walking forward
-0.210596,-0.936394,0.1706,-34.137478,79.438431,-51.005383,walking forward
-0.002257,-0.823288,0.067501,-68.098137,78.120949,-2.763813,walking forward
-0.233591,-0.98967,0.003599,-133.865906,64.345009,-25.635015,walking forward
0.346423,-1.272573,0.269692,-24.444412,67.624336,-28.850092,walking forward
-0.31259,-1.11016,1.117409,31.951895,-105.004684,37.848751,walking forward
-0.312445,-0.950848,1.087644,-92.910011,-65.604492,7.749189,walking forward
0.038751,-0.336333,0.201297,-15.598346,-69.182327,24.284811,walking forward
-0.275497,-0.794381,0.175496,138.329056,-6.453979,22.974552,walking forward
-0.037254,-1.327308,0.064515,103.136238,-109.662384,76.413696,walking forward
-0.521728,-1.170851,0.181633,-23.344379,26.802696,-12.289181,walking forward
-0.045962,-0.941652,0.112209,-30.785332,91.403442,-39.56686,walking forward
-0.025933,-0.849656,0.171117,-103.733963,-28.916351,-3.003117,walking forward
0.014867,-1.093569,0.054212,-45.624535,98.5746,-45.778625,walking forward
-0.052547,-1.112612,0.986619,22.858696,-70.210022,19.084362,walking forward
-0.057172,-0.334107,0.193219,-36.485554,-38.151634,17.420113,walking forward
-0.263247,-0.589014,0.161797,114.291733,-29.268528,36.76606,walking forward
0.321415,-1.44292,0.14185,140.779648,-28.346016,43.167404,walking forward
-0.397416,-1.195167,0.183126,25.862041,-21.08078,43.560921,walking forward
-0.382548,-1.044916,0.17263,-8.785011,48.224304,-35.240532,walking forward
-0.023526,-0.826762,-0.000812,-41.003632,107.726891,-21.781998,walking forward
-0.128062,-1.035243,0.167401,-130.670181,-1.574793,-28.728374,walking forward
0.251896,-1.274625,0.381004,-35.684246,16.706703,-20.304245,walking forward
-0.401149,-1.184254,1.022361,-48.569336,-69.613617,13.440838,walking forward
-0.049297,-0.571992,0.157109,86.396484,-142.470764,72.088921,walking forward
0.153607,-1.0128,0.159568,151.432846,45.405548,9.575937,walking forward
-0.207884,-1.272006,0.013073,97.67205,-98.765358,77.774284,walking forward
-0.585418,-1.241142,0.153878,-10.644827,41.985817,-15.423675,walking forward
-0.136611,-0.882287,0.082201,-35.507847,64.886871,-13.220394,walking forward
-0.224367,-0.956914,-0.090401,-102.181328,63.785793,-40.659615,walking forward
0.256189,-0.572032,0.577658,-21.393045,-49.161144,25.273035,walking forward
-0.021503,-0.42663,0.315565,-73.239395,-14.761208,10.004747,walking forward
-0.229942,-0.559263,0.17805,104.709282,-45.494259,31.832409,walking forward
0.084669,-1.419205,0.109348,124.031639,-83.783966,79.886559,walking forward
-0.557131,-1.16631,0.12408,30.922012,-23.68775,16.972345,walking forward
-0.294317,-0.897402,0.18111,-35.742119,65.243973,-54.700382,walking forward
-0.107277,-0.786954,0.145354,-58.111774,91.830795,-23.851959,walking forward
-0.266783,-0.975665,0.027323,-122.684021,18.803522,-27.65811,walking forward
0.168936,-1.044427,0.01999,-36.349205,74.860268,-40.798222,walking forward
0.037967,-0.875244,0.796952,18.034582,-70.837868,28.285805,walking forward
-0.140256,-0.357581,0.365158,-65.545837,-27.28393,16.708246,walking forward
-0.293744,-0.341423,0.140433,80.843872,-69.431335,38.975193,walking forward
-0.172874,-0.81795,0.19709,101.723938,-45.626446,63.639042,walking forward
0.226921,-1.516615,0.279717,146.932007,24.729313,40.036823,walking forward
0.039744,-1.462696,0.01877,109.727119,-186.382751,87.109299,walking forward
-0.651463,-1.118953,0.127509,61.194939,-66.549301,32.728436,walking forward
-0.204909,-0.888244,0.096648,-32.272812,72.070023,-42.199627,walking forward
0.012187,-0.919708,0.210469,-92.988441,25.110146,-10.075253,walking forward
-0.351119,-0.837982,0.062241,21.733505,-62.199814,27.968517,walking backward
-0.222997,-1.502547,0.450158,-76.236748,8.676745,-45.565536,walking backward
-0.089316,-0.909635,0.279384,-140.827698,-30.623049,-25.133411,walking backward
-0.533988,-0.56589,0.522236,66.132317,46.190205,24.943499,walking backward
0.322952,-1.068615,0.186491,29.605869,-42.463291,-4.500153,walking backward
-0.274027,-0.946389,0.106432,35.247391,-32.286922,-6.809685,walking backward
0.04988,-0.845652,0.200341,-3.733098,49.312347,17.820032,walking backward
-0.839735,-1.042363,0.235881,47.799454,-49.698895,14.711225,walking backward
0.106834,-1.039699,0.090665,-103.766068,-16.531399,-18.55797,walking backward
-0.043376,-0.65067,0.398365,-44.459686,-52.647144,-12.970394,walking backward
-0.252001,-1.139598,0.743134,25.360746,27.220728,12.416404,walking backward
-0.063088,-0.971362,0.071542,53.05809,1.486399,5.191642,walking backward
-0.17712,-0.850596,0.16995,13.603101,15.924695,1.370816,walking backward
-0.513386,-1.345505,0.362473,4.771952,19.29635,-36.428947,walking backward
-0.094778,-0.880645,0.275031,-100.685783,-32.654293,-21.64904,walking backward
-0.558183,-0.699194,0.590198,54.820637,49.898376,-1.90703,walking backward
0.172919,-0.975771,0.036979,34.187584,-80.205971,12.376989,walking backward
-0.149249,-0.94341,0.142509,15.161519,-4.681126,3.953955,walking backward
-0.018026,-1.20933,0.205567,-52.739819,42.196117,-25.855268,walking backward
-0.077125,-0.885342,0.25542,-132.17099,-32.502182,-35.547131,walking backward
-0.411209,-0.860398,0.647807,32.969677,83.342033,-1.485716,walking backward
0.168222,-1.01919,-0.034351,31.849438,-3.616354,-9.250823,walking backward
-0.048826,-0.958245,0.144423,45.838795,-5.721645,-1.610452,walking backward
-0.023544,-0.996266,0.162524,9.810218,3.29651,27.454039,walking backward
0.280622,-1.173146,0.129349,-72.120857,29.596737,-21.624842,walking backward
-0.022853,-0.86209,0.363229,-63.279461,-31.473801,-20.262789,walking backward
-0.463091,-0.997676,0.745869,14.656728,49.425556,14.966586,walking backward
0.079703,-0.921862,0.095774,35.939384,-26.1835,5.534912,walking backward
-0.293973,-0.793848,0.204491,16.421587,34.721451,-3.808736,walking backward
-0.661323,-1.181684,0.275321,7.659018,-55.819771,-2.269543,walking backward
0.257807,-1.064047,0.106501,-62.136211,63.820915,-20.861919,walking backward
0.029246,-0.850017,0.35341,-78.986015,-14.774987,-22.335602,walking backward
-0.362402,-0.859316,0.631085,35.990604,47.91053,-0.405342,walking backward
-0.133417,-0.980695,0.086452,45.115555,-22.800949,14.203228,walking backward
-0.335839,-0.880921,0.215826,18.574564,39.631172,-10.046738,walking backward
-0.066211,-0.918198,0.152802,-0.094539,32.153297,10.506128,walking backward
-0.096969,-1.258609,0.251846,-60.305477,31.360279,-27.776602,walking backward
0.013034,-0.838167,0.298691,-83.312134,-21.881796,-8.940905,walking backward
-0.344668,-0.566651,0.347596,57.355484,3.98633,8.863033,walking backward
0.092513,-1.047401,0.681419,25.490297,-8.912418,7.207253,walking backward
-0.137656,-0.929635,-0.004458,55.252346,-15.123721,6.281627,walking backward
-0.319149,-0.805036,0.243141,27.192738,34.056999,-4.760324,walking backward
-0.351833,-0.976319,0.111491,29.572886,-67.493286,39.591461,walking backward
0.129749,-1.214028,0.23409,-66.174858,52.313339,-26.488111,walking backward
0.036912,-1.005816,0.220171,-91.770607,-17.334587,-6.389036,walking backward
-0.193066,-0.51412,0.433515,27.0012,28.911505,5.121132,walking backward
-0.253321,-1.036131,0.70835,8.230639,76.636238,-2.908299,walking backward
0.05005,-0.926563,0.078098,25.270346,-53.008038,31.723394,walking backward
-0.283522,-0.931415,0.221175,31.068415,21.396406,-7.861831,walking backward
-0.0116,-1.020251,0.129181,27.713223,15.543548,21.401445,walking backward
-0.338063,-1.341546,0.380221,-57.888557,2.267148,-21.296942,walking backward
-0.007171,-1.265143,0.265364,-67.032082,36.962898,-43.918236,walking backward
0.198846,-1.247642,0.268549,-74.616798,16.235193,-31.924314,walking backward
0.142538,-1.11868,0.245991,-81.738235,-24.509588,-19.190151,walking backward
0.047863,-0.773519,0.32051,-59.071106,-33.884403,-15.752182,walking backward
-0.518731,-0.639097,0.413211,44.312798,13.425061,13.189502,walking backward
-0.161726,-1.085056,0.54103,8.485843,79.350464,3.506607,walking backward
0.069631,-1.089388,0.842641,-2.309003,49.738033,5.346646,walking backward
0.110394,-1.024535,0.068146,26.208553,-49.162575,8.593504,walking backward
-0.163739,-0.933872,0.10081,48.70702,1.916193,18.138374,walking backward
-0.263909,-0.912162,0.155823,43.034443,15.286424,-3.770782,walking backward
0.067211,-0.794282,0.173621,17.015976,24.34874,24.171684,walking backward
-0.449048,-0.853934,0.148349,16.490341,-29.348837,28.510019,walking backward
-0.232764,-1.207285,0.267726,-28.376558,52.118015,-23.209179,walking backward
-0.06669,-1.114438,0.142475,-118.555145,8.940441,-38.309059,walking backward
0.030652,-0.748159,0.331986,-73.456474,-68.101982,-25.28124,walking backward
-0.080143,-0.294358,0.272085,11.413071,12.229483,-10.498061,walking backward
-0.495228,-1.080968,0.838563,86.988014,17.897263,13.834164,walking backward
-0.032011,-1.147385,0.918544,43.621918,19.645491,6.781943,walking backward
-0.200369,-0.872189,0.028093,31.563105,-27.748112,18.390936,walking backward
-0.33879,-0.894663,0.206833,39.313717,-32.951664,4.378722,walking backward
-0.079113,-0.871191,0.24839,48.23011,72.38427,-6.108152,walking backward
0.115326,-0.836135,0.087086,38.05904,-34.385956,52.876095,walking backward
-0.605246,-1.223532,0.334379,-3.335901,12.423215,-12.777532,walking backward
0.186726,-1.043712,0.130976,-71.741241,3.575546,-14.281094,walking backward
0.03667,-0.905504,0.344405,-96.143715,-54.159554,-18.776577,walking backward
-0.062,-0.593253,0.363998,-38.00956,-15.076059,-16.770758,walking backward
-0.407954,-0.978171,0.861838,59.122746,51.009106,26.221312,walking backward
0.027002,-0.981604,0.186604,-10.93291,-12.578566,20.63855,walking backward
-0.058986,-0.972228,0.02647,53.616066,-18.354898,9.827096,walking backward
-0.262455,-0.974837,0.145814,61.755009,-10.858984,0.939471,walking backward
-0.108021,-0.794423,0.062743,22.991823,20.879021,39.284981,walking backward
0.171458,-0.984019,0.073987,-64.465431,50.444134,-15.675548,walking backward
0.048743,-0.68024,0.289163,-57.479836,-60.148914,-13.305327,walking backward
-0.20265,-1.211096,0.74566,-1.479225,40.780445,31.817785,walking backward
-0.13805,-0.925382,0.105759,37.108387,-20.774595,15.162054,walking backward
-0.241437,-0.794636,0.235978,32.449833,40.632832,-2.315289,walking backward
-0.272771,-0.842793,0.189538,12.45673,-69.191116,44.249939,walking backward
-0.360426,-1.362686,0.340971,-43.370064,41.271797,-37.836792,walking backward
-0.098043,-1.040046,0.298009,-94.671074,4.704363,-41.467289,walking backward
-0.111546,-0.497353,0.315704,-6.682237,-43.667664,6.143409,walking backward
-0.646455,-0.738827,0.506638,57.560928,58.908394,1.569386,walking backward
0.082595,-1.020748,0.179618,-1.261459,-6.808005,24.341553,walking backward
-0.154091,-0.91871,0.060738,18.705267,8.779195,2.39046,walking backward
-0.238772,-1.031132,0.179128,40.743496,-17.206827,-10.82257,walking backward
-0.006615,-0.764007,0.141949,18.975298,-12.647885,38.712612,walking backward
-0.343896,-1.265417,0.331723,-38.849213,44.584091,-43.265274,walking backward
0.021629,-1.118963,0.249062,-83.916153,-4.906736,-22.713745,walking backward
-0.027634,-0.517315,0.314479,-1.955647,-24.167643,-23.632421,walking backward
-0.085117,-1.0649,0.755187,18.274893,47.357925,0.422437,walking backward
0.204643,-0.980926,0.024819,24.034668,-32.540245,2.255895,walking backward
-0.116236,-0.865806,0.031336,62.222282,20.476086,30.80691,walking backward
-0.220788,-0.850643,0.163275,34.392227,0.405841,2.781057,walking backward
-0.247694,-0.98272,0.034437,37.642223,-46.921288,36.938747,walking backward
-0.496171,-1.288068,0.335171,-42.887852,-6.013683,-9.299282,walking backward
-0.212633,-1.253419,0.322958,-54.319241,0.019784,-26.714193,walking backward
0.13013,-1.054316,0.032207,-111.34436,-18.540333,0.072998,walking backward
-0.072042,-0.794263,0.245711,-74.67318,-66.731918,-17.352613,walking backward
-0.557064,-0.486337,0.45954,33.694305,28.288404,1.451187,walking backward
-0.090111,-1.100874,0.224704,7.108769,-43.509075,29.990129,walking backward
-0.095604,-0.961457,0.137269,54.750961,14.477468,-8.007739,walking backward
-0.128625,-0.797561,0.080916,25.499924,43.463768,8.599218,walking backward
-0.11562,-0.832055,-0.074189,45.781986,-65.990906,48.536694,walking backward
-0.314708,-1.248635,0.217412,-46.343285,61.204777,-33.35857,walking backward
-0.023222,-0.795058,0.353399,-53.34549,-22.819126,-21.765007,walking backward
-0.516284,-0.649386,0.583416,36.734493,56.514893,7.006446,walking backward
0.075059,-0.964732,-0.012206,22.142593,-92.43589,24.730911,walking backward
-0.129911,-0.890097,0.08519,61.809174,4.211926,12.774507,walking backward
-0.200067,-0.971969,0.160375,53.360001,-17.758169,7.984817,walking backward
0.190303,-0.797321,0.203682,20.141621,46.094883,28.717951,walking backward
-0.694711,-1.052458,0.224456,42.679218,-64.202759,34.221195,walking backward
-0.024064,-1.270451,0.262693,-66.550659,31.320108,-32.092579,walking backward
0.041495,-1.043904,0.144719,-105.579956,-33.107372,-25.035173,walking backward
0.252532,-0.729423,0.386961,-1.143963,-62.266663,-43.256893,walking backward
-0.487671,-0.846972,0.726959,37.141895,74.346382,8.484019,walking backward
0.126104,-1.098768,0.476157,-1.067983,-28.171736,34.196201,walking backward
-0.057325,-0.949833,0.123835,36.755116,14.197572,7.675577,walking backward
-0.274127,-0.989903,0.200786,43.317902,-10.721478,-7.639212,walking backward
-0.037554,-0.858701,0.256967,37.971436,53.661606,-14.502446,walking backward
0.003633,-0.860828,0.135825,16.788137,-35.245312,53.275517,walking backward
-0.826429,-1.277643,0.258412,5.696496,-40.920425,-22.719711,walking backward
0.159703,-1.077654,0.151705,-102.76416,52.728851,-21.600401,walking backward
-0.012561,-1.032611,0.244284,-89.654625,-5.888092,-19.209969,walking backward
-0.174242,-0.441004,0.299628,22.718706,-32.132771,9.53597,walking backward
-0.274077,-1.16859,0.78826,8.381156,40.943317,18.076361,walking backward
0.180059,-1.148356,0.575351,17.685555,31.406137,11.157777,walking backward
-0.031431,-0.93563,0.035684,51.398453,-22.427671,10.394148,walking backward
-0.194644,-0.918176,0.091401,52.509144,-28.173988,18.777985,walking backward
-0.3388,-0.885792,0.203863,36.590729,20.679537,-3.616224,walking backward
-0.041699,-0.857988,0.144829,10.104216,14.729162,25.091602,walking backward
-0.268732,-1.173505,0.249421,-5.376331,41.418156,-5.045142,walking backward
0.135238,-1.038024,0.185779,-85.086624,7.266588,-7.24649,walking backward
-0.041317,-0.872607,0.36532,-37.682285,-7.56081,-11.978601,walking backward
-0.456126,-0.99636,0.81726,44.534149,11.609764,11.499066,walking backward
0.058017,-0.932722,0.025563,26.555758,-64.447746,23.448273,walking backward
-0.221838,-0.816842,0.189091,23.308271,18.951694,-6.654215,walking backward
-0.150133,-0.849259,0.207533,34.842251,55.930737,13.734718,walking backward
-0.406105,-1.226121,0.318506,-52.165512,84.941299,-28.762171,walking backward
0.0713,-1.115267,0.204145,-83.071747,-23.727472,-10.039441,walking backward
0.04591,-0.629609,0.406458,1.815351,-19.467186,2.105195,walking backward
-0.291892,-1.1047,0.905372,41.849529,42.720428,16.382645,walking backward
0.075616,-1.006275,-0.027856,8.945365,-46.004784,3.360445,walking backward
-0.090659,-0.97576,0.13896,48.595646,-11.658872,6.404282,walking backward
-0.126251,-0.863891,0.167389,13.717188,8.63458,16.236731,walking backward
-0.701368,-1.051039,0.201133,8.358216,-55.302921,-4.14604,walking backward
0.03764,-1.184451,0.270935,-76.383514,22.671417,-20.60903,walking backward
0.060921,-0.893558,0.29917,-79.879128,-35.206696,-11.94774,walking backward
-0.263683,-0.71082,0.522765,53.543285,35.867062,8.631122,walking backward
0.061651,-0.983648,0.051876,33.094112,-51.959263,25.68725,walking backward
-0.221553,-0.93368,0.094878,48.483105,39.810925,2.947541,walking backward
-0.042805,-0.783918,0.148796,47.256195,52.21381,13.365653,walking backward
-0.524153,-1.088565,0.16806,2.129849,-63.300362,24.251646,walking backward
0.195849,-1.080925,0.154953,-70.697151,24.110529,-18.060925,walking backward
0.090919,-0.929344,0.301521,-86.720978,-20.18399,-22.387745,walking backward
-0.361754,-0.594386,0.363046,49.443062,20.82004,16.881237,walking backward
0.096553,-1.183645,0.644471,-8.619654,46.560909,8.602669,walking backward
0.159154,-1.005566,0.023336,21.836086,-49.085785,5.695495,walking backward
-0.125217,-0.976047,0.154422,51.111561,-4.468726,-0.619675,walking backward
-0.102576,-0.949657,0.220268,25.796591,54.880604,19.584713,walking backward
-0.528167,-1.201903,0.284997,-12.733977,77.207451,-12.901445,walking backward
0.026586,-1.032783,0.212606,-106.419098,-15.248518,-21.050049,walking backward
-0.170569,-0.439185,0.224598,5.540674,-36.92577,-21.477705,walking backward
-0.394091,-0.799436,0.560582,56.085659,12.950467,8.351188,walking backward
0.229912,-1.068919,0.299277,3.549999,-10.892634,10.854683,walking backward
-0.068371,-0.935779,0.077185,47.011627,-41.502754,25.69026,walking backward
-0.181287,-0.996332,0.147124,29.555956,-23.564932,-20.393337,walking backward
-0.035356,-0.905506,0.144955,19.663614,-9.797682,32.001328,walking backward
-0.401677,-1.11916,0.191263,19.769491,-17.31451,22.484447,walking backward
0.101609,-1.175662,0.298274,-64.517906,38.219986,-21.353985,walking backward
0.166929,-1.056689,0.209015,-74.53624,-0.073768,-17.451897,walking backward
0.083895,-1.079667,0.29144,-68.500389,-5.904536,-28.355078,walking backward
-0.293238,-0.560477,0.406597,41.788689,8.091974,2.397195,walking backward
-0.330472,-1.041769,0.80922,21.269012,77.485535,-7.807803,walking backward
-0.102834,-1.202947,0.416437,0.689081,-50.214149,36.307117,walking backward
-0.07628,-0.993634,0.0735,25.106726,-9.159575,9.919284,walking backward
-0.189746,-0.952652,0.185008,47.095535,20.385452,-2.324022,walking backward
-0.352776,-0.749176,0.1301,24.947142,-18.025629,46.599335,walking backward
0.127709,-1.170972,0.221239,-67.72435,30.617544,-25.741894,walking backward
0.071632,-0.962305,0.292699,-69.079918,13.952324,-25.745951,walking backward
-0.164113,-0.515944,0.346923,39.04707,17.070297,-3.810149,walking backward
-0.065244,-1.100339,0.744581,19.926863,-6.443796,17.358957,walking backward
0.071224,-0.94898,0.0955,49.172363,-18.180651,29.061306,walking backward
-0.223128,-0.957611,0.149646,38.439865,-63.479488,9.964546,walking backward
-0.38634,-0.894006,0.100486,19.425293,-3.374589,33.372833,walking backward
0.108171,-1.107151,0.158279,-78.84539,63.13031,-6.466208,walking backward
0.022861,-0.96415,0.288515,-77.684196,-9.845588,-18.216915,walking backward
0.007649,-0.869638,0.391867,-47.95256,-7.89573,-20.291206,walking backward
-0.412321,-0.800917,0.434825,43.086163,72.082108,2.973971,walking backward
0.085383,-1.033222,0.156341,2.390561,-13.120621,17.71479,walking backward
-0.172321,-0.940379,0.145849,45.874985,-20.949381,16.046314,walking backward
-0.034983,-0.889022,0.200555,18.970587,36.035336,8.782206,walking backward
-0.49457,-1.140219,0.21797,30.84441,-34.156582,24.439585,walking backward
0.237665,-1.036498,0.06157,-86.077637,41.369705,-18.727325,walking backward
-0.056644,-0.397235,0.342673,-30.062763,-7.086159,-10.715501,walking backward
0.045068,-1.090766,0.8177,27.565531,31.941948,12.10624,walking backward
-0.138013,-0.962655,0.018435,68.722343,-7.967834,11.951848,walking backward
-0.397344,-0.963793,0.20382,39.018448,20.217236,-11.408639,walking backward
-0.576616,-1.053229,0.169844,25.397564,-60.31879,35.394657,walking backward
0.046513,-1.084282,0.160964,-77.76619,-2.546092,-4.825194,walking backward
0.070618,-0.781859,0.38625,-54.981743,-78.771751,-13.290718,walking backward
-0.660337,-0.920942,0.763095,36.309059,124.35009,-1.335244,walking backward
0.062486,-0.99226,0.031773,31.408392,-62.992275,20.045395,walking backward
-0.165563,-0.919969,0.15003,42.198116,34.607941,-5.226275,walking backward
-0.266158,-0.887791,0.171429,4.908758,-41.127548,46.714283,walking backward
-0.000527,-1.10598,0.267563,-90.984711,-37.997929,-37.406044,walking backward
-0.044935,-0.89189,0.279485,-93.922951,-8.755471,-30.513258,walking backward
-0.429023,-0.396354,0.406573,30.737335,-22.408075,3.188684,walking backward
0.100506,-1.134109,0.701177,19.889053,61.975288,-19.215498,walking backward
-0.061983,-0.948369,0.065864,33.973415,14.62715,3.415714,walking backward
-0.2188,-0.915176,0.125432,55.903164,-45.729393,6.479995,walking backward
-0.269459,-0.92787,0.169162,44.931156,0.711459,-10.417095,walking backward
-0.616811,-0.884627,0.058451,19.590418,-54.519573,28.555334,walking backward
-0.131216,-1.322153,0.384251,-23.726519,26.637129,-23.252119,walking backward
0.051598,-1.027444,0.269795,-88.678551,13.369884,-15.401817,walking backward
0.061421,-0.607535,0.349475,-33.35099,-51.68626,9.491284,walking backward
-0.605718,-0.431205,0.569405,64.544418,24.21419,0.49758,walking backward
-0.005392,-1.143315,0.600291,3.559732,91.797112,-14.549743,walking backward
-0.141506,-0.988417,0.080841,27.554052,-102.434685,30.689348,walking backward
-0.276228,-1.04674,0.224595,9.762187,-2.578033,-1.774741,walking backward
-0.69228,-1.121443,0.32353,9.175861,-77.909943,20.1422,walking backward
-0.148836,-1.523341,0.369922,-64.803055,44.424507,-25.17963,walking backward
0.180424,-1.162864,0.097097,-122.048103,-4.4873,0.96449,walking backward
-0.065318,-0.616952,0.337097,-63.644135,-55.121914,-19.357208,walking backward
-0.662924,-0.823856,0.740454,60.284912,95.018845,-11.562792,walking backward
-0.085373,-1.151612,0.234972,57.026272,-65.669327,49.602543,walking backward
-0.116284,-0.983754,0.083874,37.584251,-18.895514,20.458549,walking backward
-0.354008,-0.961554,0.17011,39.167664,39.981037,-14.87413,walking backward
0.086932,-0.891063,0.128697,10.518476,-45.278427,45.766785,walking backward
-0.158841,-1.212381,0.194939,-45.85186,46.316025,-27.570175,walking backward
-0.014847,-1.045494,0.136014,-137.387344,-7.387134,1.289211,walking backward
-0.477621,-0.192852,0.225001,43.969673,-23.548691,3.573357,walking backward
-1.064035,-0.635715,0.435975,56.83128,105.619713,7.067997,walking backward
0.030127,-1.00296,0.167352,33.272583,-71.452599,33.103989,walking backward
-0.149121,-0.953281,0.017084,50.802715,8.13595,2.955306,walking backward
-0.139323,-0.93982,0.075573,52.453972,6.786861,4.525288,walking backward
-0.150618,-0.751552,0.197665,13.859326,-2.066891,30.786209,walking backward
-0.338927,-0.932507,0.148843,45.272251,-55.934425,60.243797,walking backward
-0.759855,-1.388622,0.41401,11.421917,-16.377472,-6.622572,walking backward
0.115522,-1.17501,0.224084,-96.870895,35.608082,-13.988728,walking backward
-0.032163,-0.913496,0.290585,-105.923874,-44.260925,-6.701034,walking backward
-0.704774,-0.850869,0.704459,55.163822,28.678095,6.027271,walking backward
0.129543,-1.03387,-0.159288,27.112885,-64.731621,25.838545,walking backward
-0.106468,-0.981932,-0.027011,52.770435,-8.991488,18.971811,walking backward
-0.215912,-0.96019,0.175301,35.854927,0.781729,-9.138206,walking backward
-0.538551,-1.008686,0.267929,15.822206,-69.800072,37.219124,walking backward
0.188608,-1.109806,0.185009,-86.227173,-8.483058,2.009989,walking backward
-0.025101,-0.786724,0.297645,-58.346928,-14.845312,-21.347944,walking backward
-0.607945,-0.996987,0.918492,56.207783,95.102737,9.407954,walking backward
-0.037261,-0.966839,0.019624,32.053291,-60.079803,23.553404,walking backward
-0.361606,-0.784194,0.267527,10.041063,9.942676,-29.423248,walking backward
0.004127,-0.803947,0.027928,18.867828,-22.315292,43.700706,walking backward
-0.691179,-1.246609,0.251768,14.875257,-0.17825,-9.955556,walking backward
-0.810617,-1.161105,0.2283,24.858198,-52.523022,9.70429,walking backward
-0.952792,-1.3335,0.306125,14.073908,23.472809,-13.932072,walking backward
-0.732511,-1.419447,0.636969,-61.78474,46.436699,-42.297821,walking backward
-0.056944,-1.150466,0.222027,-82.517479,2.348096,-11.734343,walking backward
-0.286831,-0.411471,0.409413,25.432234,8.218122,0.814369,walking backward
0.46964,-1.02698,0.516359,1.314893,22.867651,-5.994237,walking backward
-0.141057,-0.982553,0.052422,54.932407,-6.521356,9.102633,walking backward
-0.108653,-1.096627,0.195208,20.033279,-33.629936,40.931259,walking backward
0.065903,-1.172401,0.259826,-61.891033,56.399155,-20.734119,walking backward
0.023142,-0.951492,0.269072,-93.664474,13.862271,-40.317501,walking backward
-0.743459,-0.453435,0.483751,66.994247,15.016039,8.410483,walking backward
0.028666,-0.974013,0.114893,11.529826,-28.046753,32.855446,walking backward
-0.179857,-0.912705,0.092419,56.850159,9.079749,4.889409,walking backward
-0.010284,-0.796827,0.162471,0.312481,90.515205,-15.449962,walking backward
-0.874992,-1.124537,0.379074,25.151686,-7.276305,-1.42777,walking backward
0.096546,-1.019339,0.170555,-96.415649,-40.455582,-10.808139,walking backward
0.011405,-0.395046,0.278459,12.614763,8.110354,-3.073442,walking backward
0.020789,-1.070819,0.515883,30.766111,-10.904594,30.183722,walking backward
-0.193714,-0.951225,0.016237,43.600918,-30.481283,28.981195,walking backward
-0.306592,-0.88055,0.211138,19.220545,47.508778,-21.26096,walking backward
-0.694409,-1.096814,0.315058,21.289423,-26.06908,28.641069,walking backward
0.096168,-1.143167,0.038216,-33.241425,80.143585,-32.557465,walking backward
0.160024,-1.038069,0.127303,-103.992966,-44.451035,-7.823542,walking backward
0.042084,-0.698533,0.226811,-48.895985,2.188835,-27.255424,walking backward
-0.274267,-0.94693,0.973441,52.898911,125.182251,-19.094179,walking backward
-0.170076,-1.014553,0.093498,43.507702,-31.650793,3.317855,walking backward
-0.040311,-0.778531,0.174563,23.168591,21.252911,6.434805,walking backward
0.059238,-1.291122,0.268005,-83.453766,50.640526,-20.375656,walking backward
-0.091906,-0.831408,0.334762,-83.534401,-25.244129,-14.823247,walking backward
-0.469987,-0.654302,0.594124,82.846916,18.225496,17.826626,walking backward
0.044497,-1.082843,0.623666,7.832332,74.91449,-24.543888,walking backward
-0.063831,-0.998345,-0.062418,69.397041,-25.948778,26.440737,walking backward
-0.29782,-0.998367,0.175305,40.839314,37.404247,-13.995817,walking backward
0.124477,-0.849452,0.162623,22.67874,10.427766,47.757584,walking backward
-0.383162,-1.413643,0.332049,-30.734518,47.851978,-35.315113,walking backward
0.097358,-1.152745,0.23462,-106.188705,-11.51163,-7.198195,walking backward
-0.048544,-0.731866,0.303268,-98.203957,-27.845709,-17.182821,walking backward
-0.435862,-0.453888,0.465141,54.611603,26.706665,-3.974568,walking backward
-0.103429,-0.964844,0.808473,44.860424,-14.017678,4.821185,walking backward
-0.127688,-0.966513,-0.079188,53.642159,-11.114516,11.797045,walking backward
-0.235481,-0.940944,0.173062,60.242672,48.387421,-2.467965,walking backward
-0.086075,-0.632147,0.079348,49.727577,44.537498,-1.545214,walking backward
-1.124691,-1.114466,0.28424,75.742653,-124.312386,33.906372,walking backward
0.150656,-1.252162,0.21269,-87.09491,8.199474,-15.812364,walking backward
-0.009099,-1.12612,0.206505,-77.167023,51.428528,-19.608295,walking backward
-0.0854,-0.63328,0.287753,-82.097252,-19.419628,-28.246973,walking backward
-0.412701,-0.854934,0.787979,70.772957,79.101402,2.670798,walking backward
0.100765,-1.16131,0.792939,15.729563,35.380985,6.76743,walking backward
-0.232767,-1.234207,0.62625,30.861494,50.322437,5.775357,walking backward
0.081959,-1.016244,0.02332,39.13382,-39.905468,12.047432,walking backward
-0.045693,-0.996108,0.088807,-0.146154,1.35494,-0.252679,standing still
-0.048157,-0.994973,0.08823,-0.484834,-0.649345,0.592662,standing still
-0.053358,-0.995337,0.085603,0.301178,0.033911,-0.040924,standing still
-0.186271,-1.019543,0.191774,3.01753,-23.883217,6.34736,standing still
-0.082982,-0.955124,0.127189,2.881605,-10.619972,-6.798002,standing still
-0.002451,-0.994006,0.10027,-1.315027,-1.798703,-0.159442,standing still
-0.016895,-0.996574,0.090685,-4.935781,-38.945591,9.211718,standing still
0.031352,-0.958537,0.07346,-12.95972,-23.919809,6.777797,standing still
-0.004786,-1.002021,0.070003,-2.296405,-2.635752,0.939485,standing still
-0.015318,-0.998748,0.055156,1.165658,-4.776579,1.715025,standing still
-0.096945,-1.011887,0.085056,21.038834,122.744362,-31.889095,standing still
-0.014775,-0.980248,0.079338,-1.962804,3.889618,-8.741197,standing still
-0.006011,-0.989646,0.102524,-0.107905,-11.139401,0.917232,standing still
-0.121407,-0.893488,0.184521,19.163015,116.642555,-27.844114,standing still
-0.063464,-1.009051,0.14026,-29.518915,112.370331,-1.604423,standing still
-0.022144,-0.99083,0.116468,-1.450399,-5.610861,0.894157,standing still
0.163875,-1.017304,0.001943,24.667339,81.586014,7.116467,standing still
-0.165276,-1.103559,0.093251,6.047274,-45.450603,-7.811833,standing still
-0.042635,-0.999304,0.082855,0.043356,-3.70386,0.947726,standing still
-0.063818,-0.992641,0.107974,0.032345,-0.695218,0.218125,standing still
-0.08039,-1.033059,0.210789,24.514814,113.117874,-32.897671,standing still
-0.083425,-1.00153,0.037321,0.227577,7.099792,-5.946247,standing still
-0.048702,-0.995807,0.060815,1.535809,1.153699,0.516787,standing still
-0.054853,-0.996768,0.060028,-0.13531,0.803916,0.379219,standing still
-0.107435,-1.095171,0.088994,20.948881,-81.923752,4.695938,standing still
-0.020597,-1.003755,0.071457,-8.348203,-4.385933,-5.950629,standing still
-0.088295,-0.992383,0.087986,0.048855,3.658185,-0.417928,standing still
-0.056801,-1.010121,0.013834,-3.081589,-17.851002,2.708919,standing still
-0.041817,-1.040312,0.080227,-23.550472,-43.238033,14.441566,standing still
-0.019576,-0.996305,0.078676,1.798378,8.781962,-1.645084,standing still
-0.041192,-0.988237,0.09347,-1.330614,1.931418,-0.646678,standing still
-0.038435,-1.003058,0.10489,1.128649,1.8036,1.042043,standing still
-0.049342,-0.991432,0.105049,-1.486925,-2.918525,-0.661504,standing still
-0.047677,-1.004433,0.118109,0.615966,-1.331241,1.04639,standing still
0.06717,-1.042484,0.04707,24.74752,-44.45467,-13.009667,standing still
-0.002582,-0.997951,0.145358,-2.502025,4.374551,0.537265,standing still
0.000699,-0.983138,0.141295,-0.486289,4.122713,-0.339866,standing still
-0.025606,-0.98222,0.162598,3.061445,11.125318,-2.809989,standing still
-0.045049,-0.994052,0.229541,21.436384,-30.536514,12.346316,standing still
0.026841,-0.952793,-0.043517,-22.832043,-39.320751,-15.265784,standing still
0.004079,-0.996936,0.069758,0.060774,0.045635,0.419264,standing still
-0.042518,-0.984709,0.172213,40.695179,-31.692593,15.690657,standing still
0.080308,-1.0208,0.129272,29.957901,-30.725,-1.073946,standing still
-0.038054,-0.999026,0.024718,1.735164,7.689611,-0.58189,standing still
-0.042111,-1.001915,0.033642,-2.227876,-6.815455,-1.122233,standing still
-0.077211,-0.909961,0.195779,35.821503,67.301338,-27.062151,standing still
-0.117858,-0.971761,0.256256,5.387584,53.635925,-19.772619,standing still
-0.000672,-0.987297,0.175369,-2.437702,-10.372768,2.498619,standing still
0.027375,-0.918135,0.323185,-7.140231,43.252007,-39.037235,standing still
-0.047019,-1.002151,0.125096,-1.325593,12.232787,-7.646075,standing still
-0.064987,-1.00134,0.213271,9.897169,60.765717,-22.017614,standing still
-0.069495,-1.006658,0.153591,4.126613,50.826279,-11.98173,standing still
-0.039219,-0.971007,0.217105,-7.354131,-5.289586,-2.953286,standing still
0.009029,-0.984992,0.170584,-0.823697,1.650571,-1.659688,standing still
-0.038329,-0.991523,0.115265,-0.458438,0.739566,0.625023,standing still
-0.036903,-0.990201,0.124337,0.448329,1.378592,0.141823,standing still
-0.054784,-0.989026,0.134436,0.197448,-0.692092,0.76312,standing still
-0.098278,-0.991136,0.111877,-2.157878,-10.020326,3.080315,standing still
-0.035132,-1.125171,0.179703,-28.512774,-58.58643,27.473307,standing still
-0.062335,-0.980269,0.119787,-0.658433,8.438759,-2.140181,standing still
-0.044525,-0.992142,0.11629,-0.392172,-0.323387,0.160976,standing still
-0.047637,-0.98985,0.127863,0.043226,-0.703357,0.573721,standing still
-0.057815,-1.019318,0.179038,3.094654,-7.094989,2.335166,standing still
0.131251,-1.006638,0.244837,-37.350937,-67.45401,18.683365,standing still
-0.041745,-0.993077,0.090325,-1.911632,-0.123373,0.369667,standing still
-0.037387,-0.99457,0.090883,-0.087393,-0.282359,0.512188,standing still
-0.051419,-0.99147,0.106489,0.779078,0.686629,0.403355,standing still
-0.041351,-1.001573,0.102166,-0.261089,-16.390619,8.493954,standing still
0.091153,-0.898928,0.259972,-6.043119,-68.359482,25.459221,standing still
-0.03308,-0.995372,0.083265,-2.835033,1.299326,-0.406138,standing still
-0.019553,-0.993645,0.086009,0.28051,-0.759886,0.884637,standing still
-0.027329,-1.002606,0.100662,0.750441,0.211482,0.172624,standing still
-0.024586,-0.952666,0.199292,-11.449243,24.748482,6.439429,standing still
-0.03983,-0.986422,0.201938,-4.828563,-1.22485,-4.511028,standing still
-0.022511,-0.988358,0.143975,0.502241,0.205783,-0.072029,standing still
-0.023047,-0.987571,0.147321,-0.016881,-0.102317,0.116313,standing still
-0.039244,-0.983403,0.154156,-2.045447,-1.267663,0.646729,standing still
-0.028893,-0.990085,0.127389,-0.815552,0.901106,0.37309,standing still
-0.201368,-0.995278,0.092107,-3.465795,-43.965328,10.945477,standing still
0.067279,-1.144352,0.249698,-33.524822,-20.919535,-5.233833,standing still
-0.023646,-0.991258,0.109205,1.032256,-3.140508,0.966729,standing still
-0.052299,-1.026097,0.07865,-9.749555,-90.157288,13.507767,standing still
-0.069034,-1.008725,0.070743,-22.155218,-39.592648,10.170149,standing still
-0.004931,-0.986895,0.146055,0.988625,3.566989,-2.387583,standing still
-0.003672,-0.989609,0.139216,0.470892,1.01742,0.290213,standing still
-0.014766,-0.993655,0.139247,-0.562421,-2.633041,0.94858,standing still
-0.041518,-0.925532,0.512354,46.750526,-58.705273,13.895667,standing still
-0.031524,-0.98933,0.094841,1.90143,9.479149,-2.253953,standing still
0.000481,-0.992622,0.110543,2.73615,3.231033,0.555078,standing still
-0.012914,-0.991909,0.130082,0.046994,-1.770613,1.334313,standing still
-0.015927,-0.989912,0.133228,0.604553,0.459106,0.145282,standing still
-0.020069,-0.989769,0.136142,0.483137,0.313674,0.548954,standing still
-0.032522,-0.986176,0.146588,1.062654,3.034276,0.353879,standing still
-0.048665,-0.986169,0.150581,0.591736,-0.274816,0.526241,standing still
-0.036019,-0.9884,0.141692,0.288666,0.203492,0.262673,standing still
-0.041056,-0.984413,0.153113,0.397768,0.86577,0.274517,standing still
-0.041295,-0.987199,0.149918,0.271637,-0.205141,0.326942,standing still
-0.045562,-0.985758,0.157058,-0.617516,-0.600094,0.197851,standing still
-0.031405,-0.997717,0.0334,27.649218,63.85722,16.180902,standing still
-0.126198,-1.049504,0.192772,-10.288416,33.811867,-8.373642,standing still
0.038153,-1.00363,0.108937,-1.430267,-4.358828,0.873822,standing still
0.00735,-0.994904,0.097688,-0.132368,-1.963513,0.969277,standing still
0.000824,-0.993412,0.100462,0.365989,0.257432,0.178959,standing still
0.079014,-0.954295,0.092147,39.809559,-20.568813,42.957016,standing still
0.00043,-0.979014,0.0905,-42.40834,-131.012894,50.8848,standing still
-0.007063,-0.984979,0.122268,0.299455,-0.125878,-2.52441,standing still
-0.0197,-0.991688,0.109075,0.701453,2.661858,-0.289838,standing still
-0.030593,-0.990726,0.116199,-0.279298,0.308333,0.386073,standing still
0.050464,-0.975688,0.099235,1.936844,-30.342377,14.968659,standing still
-0.020614,-0.874408,0.30631,-59.013824,-38.704079,19.58333,standing still
-0.033581,-0.983776,0.161112,3.94947,10.952379,-1.788302,standing still
-0.025246,-0.985965,0.154589,0.844904,2.628482,0.497196,standing still
-0.033022,-0.984004,0.161785,0.866043,0.851385,-0.102535,standing still
-0.029201,-0.990158,0.190299,-3.770156,-10.188885,5.849584,standing still
-0.015328,-0.766725,0.257839,-20.299879,-13.497815,14.083015,standing still
-0.024011,-0.99298,0.13652,3.170747,6.811287,-2.026058,standing still
-0.025963,-0.985314,0.167824,-0.235347,0.35356,0.84933,standing still
-0.03376,-0.983606,0.169007,-0.591884,-1.056114,-0.030397,standing still
-0.028369,-0.984404,0.16482,-0.09065,-0.730961,0.489712,standing still
-0.027292,-0.988768,0.156381,0.826039,-0.530898,0.724205,standing still
-0.090123,-0.952887,0.210412,-19.5236,-128.402435,28.620279,standing still
-0.035686,-0.977832,0.106724,9.257259,8.18378,-0.805458,standing still
-0.024629,-0.98877,0.140336,-0.280696,-0.531946,0.083391,standing still
-0.020729,-0.988252,0.141501,-0.202928,-1.575264,0.205192,standing still
-0.029275,-0.990882,0.129768,-1.445595,-4.714153,0.983807,standing still
-0.026028,-0.98861,0.140734,0.279286,1.136194,-0.180525,standing still
-0.067032,-0.990198,0.108145,2.160828,2.251006,-0.450824,standing still
-0.080503,-0.99004,0.107207,-0.448781,-0.30661,0.562906,standing still
-0.197365,-0.95915,0.094511,-8.460084,-50.050186,10.926113,standing still
-0.054655,-0.992456,0.178496,-25.428213,-4.82339,2.147567,standing still
-0.111363,-0.967348,0.191148,3.38547,-20.828194,7.140573,standing still
-0.094863,-0.979316,0.208196,0.924676,8.173754,-1.02649,standing still
-0.064635,-1.015348,0.123097,3.908713,-62.84795,-4.515206,standing still
0.033935,-0.98006,0.185773,-3.414073,4.426421,-1.731536,standing still
0.024991,-0.997662,0.216899,2.245071,0.18816,4.740027,standing still
0.189801,-1.016006,0.142996,16.839075,-47.988625,4.974008,standing still
-0.008978,-0.991808,0.132641,-5.371563,-7.274621,1.154848,standing still
-0.026615,-0.990514,0.130207,0.863024,-0.142908,1.349309,standing still
-0.032943,-0.988149,0.135306,-0.381415,-1.040476,0.578339,standing still
-0.051454,-0.873915,0.275943,50.760201,-56.453846,12.201004,standing still
-0.052798,-1.008419,0.099823,2.57601,14.012393,-3.732189,standing still
-0.063969,-0.984924,0.153382,0.245349,-0.233769,0.398845,standing still
0.055995,-1.012243,0.305081,29.061523,32.872414,0.30809,standing still
-0.295734,-0.733117,0.436492,22.806086,26.955078,-22.708803,standing still
-0.120544,-0.925889,0.378461,11.263859,2.318415,-0.429977,standing still
-0.129847,-0.951699,0.267873,3.475447,2.070271,0.537997,standing still
0.081522,-0.75133,0.366065,16.050484,28.427328,-33.800667,standing still
-0.013906,-1.005598,0.199352,3.17884,9.192679,-2.236736,standing still
-0.014247,-0.984847,0.171727,0.149659,4.518639,0.184452,standing still
-0.029375,-0.979272,0.190092,-0.127028,-0.726401,0.559767,standing still
-0.026086,-0.977696,0.196517,-0.506338,0.230568,0.033764,standing still
-0.019281,-0.979853,0.197714,0.761122,1.227406,0.184656,standing still
-0.028378,-0.980506,0.202769,0.275791,-0.623903,0.262463,standing still
-0.030847,-0.977931,0.203964,0.123462,-0.777293,0.596102,standing still
-0.034895,-0.97669,0.204833,-0.22715,-0.907246,0.544233,standing still
-0.055689,-0.960726,0.342945,19.131975,-24.007359,20.487228,standing still
-0.007633,-0.955244,0.114661,16.177109,-6.81249,6.541639,standing still
-0.010705,-0.993482,0.137197,-1.224688,2.728449,-1.019568,standing still
-0.023257,-0.992704,0.16644,-0.320079,1.952353,0.337094,standing still
-0.024841,-0.985927,0.159419,-0.000608,1.022284,-0.030621,standing still
-0.022989,-0.993429,0.19565,0.724454,4.405081,1.363093,standing still
-0.015807,-0.973718,0.390524,31.384792,-79.186317,14.334647,standing still
-0.010247,-1.011809,0.13668,-4.164895,0.347084,-1.441712,standing still
-0.045275,-0.9823,0.162217,-0.817525,-1.096603,0.961022,standing still
-0.03909,-0.985334,0.162102,0.346873,0.708807,0.408591,standing still
-0.046151,-0.984517,0.163041,0.4228,-0.939767,0.60937,standing still
-0.047737,-0.985997,0.160586,-0.763781,-0.099889,0.170259,standing still
-0.049869,-0.984717,0.165858,-0.396385,0.201433,0.057248,standing still
-0.05052,-0.986323,0.156899,0.190089,-1.994483,0.607823,standing still
0.075555,-0.948543,0.298822,-12.978782,-70.94709,23.144569,standing still
-0.088887,-0.999026,0.15618,-19.386591,-38.449631,-3.190106,standing still
-0.003959,-0.994347,0.145432,-0.74323,4.501812,-1.74441,standing still
-0.020693,-0.988339,0.147639,-0.477375,-0.135189,-0.213112,standing still
-0.013669,-0.990921,0.133048,-0.375756,-0.152695,0.281198,standing still
-0.021544,-0.991173,0.136777,0.587916,-0.662098,0.73469,standing still
-0.02232,-0.987414,0.147182,-0.34604,0.220643,-0.14889,standing still
-0.016105,-0.990113,0.137639,-0.320673,-0.605304,0.131894,standing still
-0.016082,-0.988661,0.142427,0.149107,1.175203,0.127091,standing still
-0.019582,-0.987903,0.143995,-0.156104,-1.088924,0.336008,standing still
0.000725,-1.038022,0.241915,-16.170132,-55.267731,19.20746,standing still
-0.040249,-0.910927,0.107381,-32.989395,-51.984718,11.287213,standing still
-0.006502,-0.979819,0.20036,1.428271,12.226943,-2.638656,standing still
-0.009967,-0.981529,0.186527,-1.073151,-2.343323,-0.004852,standing still
-0.012535,-0.983064,0.182971,0.355906,-0.880914,0.60421,standing still
-0.014283,-0.980884,0.187242,-0.501446,-0.351686,-0.08674,standing still
-0.015586,-0.98062,0.186554,0.008572,0.837973,0.136087,standing still
-0.013883,-0.98111,0.192321,-0.173858,-0.178951,0.114444,standing still
-0.15046,-0.967274,0.202039,-6.089974,-28.893867,-2.986026,standing still
-0.210992,-0.965681,0.111321,-14.646455,-51.290901,-5.707686,standing still
0.00089,-0.995138,0.126313,1.023565,9.684243,-2.064824,standing still
-0.015634,-0.985121,0.160133,0.232171,0.991639,-0.388888,standing still
-0.013991,-0.983623,0.16511,1.001714,3.751514,-0.291364,standing still
-0.021098,-0.983294,0.177989,0.117828,-0.920913,0.847812,standing still
-0.0504,-1.063923,0.467717,41.4655,-22.866072,14.168498,standing still
-0.104153,-1.004081,0.047536,-1.549938,-30.974045,-15.014577,standing still
-0.033863,-0.989708,0.127219,0.209292,2.489084,-0.791163,standing still
-0.027033,-0.990696,0.133175,0.02512,-0.971293,1.389015,standing still
-0.037766,-0.989283,0.141369,-0.544422,-0.625077,0.345794,standing still
-0.033809,-0.992827,0.107933,-0.851139,-1.576329,0.808891,standing still
-0.04902,-0.987325,0.118453,-0.511355,-0.831897,1.035818,standing still
-0.052284,-0.990294,0.122997,0.686356,-1.683614,0.784558,standing still
-0.062779,-0.989182,0.125614,-0.500328,-0.651633,0.112266,standing still
-0.052455,-0.996919,0.121496,0.813877,0.204042,0.085959,standing still
-0.064463,-0.989349,0.125259,-0.308146,-0.477945,0.232218,standing still
-0.064294,-0.988089,0.12574,-0.420206,-1.518295,0.3718,standing still
-0.064086,-0.988315,0.124127,-0.242597,-0.096608,-0.122247,standing still
-0.066038,-0.988726,0.123113,0.004355,-0.086653,0.005057,standing still
-0.061636,-0.989953,0.124577,-0.067879,-0.986428,0.612202,standing still
-0.068944,-0.989154,0.12984,0.412811,-0.5132,0.670523,standing still
-0.069804,-0.987363,0.130839,0.098774,-0.476871,0.26247,standing still
-0.069869,-0.987709,0.138635,0.306816,1.348713,-0.189886,standing still
-0.081945,-0.982563,0.149893,1.034911,0.628784,0.364273,standing still
-0.070855,-0.987291,0.147977,-1.18626,-0.081581,-0.647453,standing still
-0.064948,-0.987628,0.142262,-0.834872,0.054375,-0.045685,standing still
-0.055876,-0.990518,0.127832,-0.762539,-1.649827,-0.673117,standing still
-0.053829,-0.990021,0.134045,1.088688,0.562538,1.01469,standing still
-0.063715,-0.987701,0.140661,0.450126,2.993255,-0.971619,standing still
-0.098739,-0.859779,0.210671,40.724743,-25.481489,43.892838,standing still
-0.01882,-1.015316,0.134137,11.412224,-54.879467,5.071355,standing still
-0.05528,-0.980316,0.167764,-3.672373,-5.571209,0.488996,standing still
-0.052557,-0.985468,0.155634,-0.25182,-0.570797,0.488306,standing still
-0.049929,-0.983453,0.161717,0.417297,-0.277851,0.252863,standing still
-0.047233,-0.984652,0.161595,-0.092761,-0.317731,0.288241,standing still
-0.047743,-0.984559,0.158734,0.085393,0.058541,0.154937,standing still
-0.048197,-0.983902,0.161115,-0.10854,-0.275455,0.220235,standing still
-0.052872,-0.984703,0.163916,-0.311384,0.017656,0.076451,standing still
0.033642,-0.983425,0.221234,-0.471458,32.123486,-2.569756,standing still
-0.162857,-1.016895,0.110741,7.288956,36.646416,-3.688577,standing still
-0.034024,-0.988667,0.074518,0.711037,-3.882194,2.325567,standing still
-0.041337,-0.995166,0.087342,-0.517134,0.620955,-0.285628,standing still
-0.043068,-0.994936,0.080573,0.286008,-1.699129,0.681557,standing still
-0.046288,-0.995567,0.08008,0.020456,-2.301748,0.609865,standing still
-0.046057,-0.99545,0.078098,-0.366111,0.196857,-0.021342,standing still
-0.044486,-0.994876,0.074385,-0.31124,-0.889449,0.313481,standing still
0.021801,-0.990832,0.09924,25.683285,68.926323,-10.295902,standing still
-0.086183,-0.969756,0.18762,-2.308959,61.943092,-17.28767,standing still
0.018225,-0.992781,0.117917,-1.97729,-14.724694,1.5094,standing still
-0.022239,-0.993745,0.102327,0.357399,2.356188,0.094015,standing still
-0.026099,-0.990362,0.126578,0.377778,-0.317983,0.438628,standing still
-0.029558,-0.989343,0.13396,0.122278,-0.007888,0.597324,standing still
-0.026897,-0.988252,0.141594,-0.006263,-0.06832,0.236083,standing still
-0.020788,-0.996301,0.196911,9.147209,20.199717,4.685275,standing still
-0.066887,-0.78605,0.388027,-2.036462,48.950459,-14.45399,standing still
0.009073,-0.985158,0.167877,-0.850331,-0.584589,-0.618743,standing still
-0.003294,-0.984568,0.164224,0.682008,-0.104607,0.550147,standing still
0.026029,-0.975523,0.167764,-3.673463,-34.326866,7.770151,standing still
-0.033374,-0.934867,0.246338,52.837723,-62.599537,4.063733,standing still
-0.100227,-0.989669,0.081432,-1.007359,-27.504532,8.451775,standing still
0.037247,-0.948692,0.222602,-32.35532,-13.250908,17.656113,standing still
-0.195615,-0.997896,0.042526,-9.458453,-63.243301,18.076372,standing still
0.027467,-0.951872,0.327241,-21.40407,-35.277794,20.694836,standing still
-0.057702,-1.003508,0.100828,-1.99181,-6.584603,6.20649,standing still
-0.005511,-0.863868,0.218687,-40.766182,-43.577484,22.103167,standing still
-0.03493,-0.999786,0.078165,3.385167,11.893888,-0.116678,standing still
-0.064695,-0.962466,0.333153,35.643349,-66.095352,5.128825,standing still
-0.115964,-1.011263,0.098006,-3.831156,-6.730438,-4.570577,standing still
-0.210085,-0.956592,0.166093,-7.304911,-51.053749,6.102489,standing still
-0.056372,-0.941393,0.087763,-22.263575,-44.329952,6.117624,standing still
-0.074576,-0.991087,0.085795,0.742898,7.520145,-1.892955,standing still
-0.058865,-0.993004,0.10138,0.96322,1.51032,0.237911,standing still
-0.116475,-0.970103,0.228198,-10.266788,-66.51178,10.169072,standing still
-0.013765,-0.957886,0.126718,-33.653858,-50.620811,0.578082,standing still
-0.018094,-0.997277,0.120448,-0.561198,-1.536819,-0.66009,standing still
-0.051823,-0.986152,0.136127,4.813091,2.188716,-0.184511,standing still